Qin,Qsolar,tin,tout
0,0,20.38772593,13.6
200,0,20.24179758,13.5
200,0,20.11135382,13.4
200,0,19.91992862,13.3
200,0,19.69225489,13.3
200,0,19.46524518,13.3
200,0,19.25379594,13.3
200,0,19.05657312,13.3
200,0,18.86869512,13.3
200,0,18.68782815,13.3
200,0,18.51322848,13.3
200,0,18.34531295,13.3
200,0,18.18477795,13.3
200,0,18.03164777,13.3
200,0,17.88487456,13.3
200,0,17.7441874,13.3
200,0,17.6156452,13.4
200,0,17.50003229,13.5
200,0,17.39518329,13.6
200,0,17.29941215,13.7
200,74.50399901,17.22638337,13.775
200,102.6322035,17.18170145,13.85
200,143.8682617,17.16475243,13.925
200,185.1536559,17.17283233,14
200,226.4323512,17.20459656,14.1
200,267.4072868,17.25733495,14.2
200,399.336788,17.34816841,14.3
200,523.0898139,17.50074894,14.4
200,645.1549011,17.73227456,14.625
200,765.9832196,17.931216,14.85
200,866.8316473,18.37806527,15.075
200,959.1176741,18.8129009,15.3
200,1050.999937,19.26963627,15.55
200,1167.093578,19.77073391,15.8
200,1253.52518,20.31052542,16.05
200,1345.511999,20.88070504,16.3
200,1448.67706,21.47897015,16.525
200,1564.601247,21.88333478,16.75
200,1702.708668,22.71242804,16.975
200,1836.187585,23.44754741,17.2
200,1977.61615,24.19168816,17.575
200,2124.21595,24.98265348,17.95
200,2236.650042,25.79982918,18.325
200,2345.106816,26.63257356,18.7
200,2446.793852,27.47742903,19.075
200,2539.077004,28.3319638,19.45
200,2524.39265,29.16789815,19.825
200,2540.117278,29.9705799,20.2
200,2540.658371,30.7456424,20.575
200,2525.295189,31.49089212,20.95
200,2511.648966,32.20868583,21.325
200,2482.007907,32.90123043,21.7
200,2436.537927,33.52906471,21.5
200,2375.886488,33.86419973,21.3
200,2262.682331,34.56126679,21.1
200,2140.849692,35.00206482,20.9
200,2013.398446,35.33228563,20.725
200,1887.080326,35.60326847,20.55
200,1736.07364,35.81195819,20.375
200,1600.151516,35.93933626,20.2
200,1481.003282,35.99099217,20
200,1378.788316,35.98434744,19.8
200,1236.934565,35.91943394,19.6
200,1119.66768,35.79600653,19.4
200,1019.948376,35.61990868,19.125
200,946.9256215,35.40580491,18.85
200,861.2048735,35.15927073,18.575
200,775.1143046,34.87854936,18.3
200,688.8293116,34.66012121,18.025
200,602.508147,34.22102575,17.75
200,492.3890361,33.81933847,17.475
200,393.5596425,33.38249301,17.2
200,296.4218882,32.90213247,16.925
200,191.6895822,32.38567142,16.65
200,151.9715798,31.8482832,16.375
200,112.3467553,31.30531853,16.1
200,72.91252041,30.76669692,15.95
200,0,30.22394931,15.8
200,0,29.68304432,15.65
200,0,29.15844299,15.5
200,0,28.65207293,15.375
200,0,28.16194201,15.25
200,0,27.6864262,15.125
200,0,27.22471908,15
200,0,26.77474939,14.85
200,0,26.33569802,14.7
200,0,25.90776195,14.55
200,0,25.4904415,14.4
200,0,25.08692878,14.3
200,0,24.69732788,14.2
200,0,24.31918539,14.1
200,0,23.95187569,14
200,0,23.59593952,13.925
200,0,23.25084191,13.85
200,0,22.91533468,13.775
200,0,22.58883261,13.7
200,0,22.26977629,13.6
200,0,21.95764288,13.5
200,0,21.65281678,13.4
200,0,21.35471974,13.3
200,0,21.06965963,13.35
200,0,20.80509447,13.4
200,0,20.55891036,13.45
200,0,20.32670212,13.5
200,0,20.10605128,13.55
200,0,19.89649798,13.6
200,0,19.69809804,13.65
200,0,19.51067856,13.7
200,0,19.33436965,13.75
200,0,19.16905494,13.8
200,0,19.01433233,13.85
200,0,18.86925316,13.9
200,0,18.73992738,14.075
200,0,18.6268184,14.25
200,0,18.52719927,14.425
200,0,18.43669128,14.6
200,76.47491965,18.3708099,14.8
200,106.4529094,18.33659417,15
200,190.5055384,18.34205238,15.2
200,270.80698,18.39026885,15.4
200,352.2711771,18.48207179,15.575
200,433.9548818,18.62371869,15.75
200,501.9068236,18.81505128,15.925
200,569.642593,19.04900576,16.1
200,637.0938156,19.32163316,16.325
200,704.1782318,19.49968569,16.55
200,740.455602,19.91204928,16.775
200,774.0293607,20.27195122,17
200,804.9844362,20.61362812,17.25
200,849.4291061,20.96093463,17.5
200,878.5520925,21.31314223,17.75
200,906.5857878,21.66636778,18
200,932.9954039,22.01824929,18.225
200,956.9452924,22.36812971,18.45
200,1185.330808,22.75813458,18.675
200,1442.987083,23.24525467,18.9
200,1711.452744,23.83794909,19
200,1995.902133,24.30606347,19.1
200,2111.012769,25.23592154,19.2
200,2222.692535,26.06016869,19.3
200,2324.716408,26.86041549,19.375
200,2446.260393,27.67106549,19.45
200,2430.542366,28.46211149,19.525
200,2393.709982,29.19808814,19.6
200,2337.925792,29.87734488,19.7
200,2265.61259,30.49720369,19.8
200,2284.275871,30.85347126,19.9
200,2284.234131,31.39723911,20
200,2264.181739,32.1610713,19.9
200,2223.4745,32.46185443,19.8
200,2121.359586,33.11660379,19.7
200,2011.702484,33.53024649,19.6
200,1897.966064,33.85769298,19.525
200,1783.89165,34.13761673,19.45
200,1631.879146,34.36409891,19.375
200,1487.339926,34.51523866,19.3
200,1354.062972,34.59311408,19.2
200,1235.118294,34.61266283,19.1
200,1128.868465,34.58552507,19
200,1013.577477,34.51304636,18.9
200,938.8760807,34.39667426,18.675
200,894.9795707,34.25233709,18.45
200,835.276248,34.08688988,18.225
200,777.3725648,33.8975689,18
200,704.8485525,33.67559471,17.75
200,649.1907223,33.42062208,17.5
200,539.7159715,33.12375445,17.25
200,431.9450711,32.88306886,17
200,318.1594053,32.39196716,16.775
200,208.1256341,31.93143043,16.55
200,161.0695617,31.44502188,16.325
200,114.4276475,30.93744397,16.1
200,68.49288455,30.43150792,16.05
200,0,29.92307882,16
200,0,29.41787815,15.95
200,0,28.93100048,15.9
200,0,28.46495283,15.875
200,0,28.01814887,15.85
200,0,27.58925004,15.825
200,0,27.17729127,15.8
200,0,26.78080627,15.75
200,0,26.39935882,15.7
200,0,26.03291595,15.65
200,0,25.68079536,15.6
200,0,25.34136091,15.55
200,0,25.01325181,15.5
200,0,24.69540567,15.45
200,0,24.38686253,15.4
200,0,24.08653187,15.35
200,0,23.79337215,15.3
200,0,23.50307331,15.25
200,0,23.22156926,15.2
200,0,22.95051761,15.15
200,0,22.68767014,15.1
200,0,22.43074338,15.05
200,0,22.17871725,15
200,0,21.93529899,15
200,0,21.70185975,15
200,0,21.47799727,15
200,0,21.26341813,15
200,0,21.05775527,15
200,0,20.8608445,15
200,0,20.67247891,15
200,0,20.49234516,15
200,0,20.32069765,15
200,0,20.15733852,15
200,0,20.00159162,15
200,0,19.8531162,15
200,0,19.71455902,15.05
200,0,19.58603831,15.1
200,0,19.46611911,15.15
200,0,19.35321848,15.2
200,73.89470824,19.25979949,15.25
200,102.4676989,19.19037361,15.3
200,170.3373697,19.14880607,15.35
200,235.8825331,19.13755977,15.4
200,302.2717327,19.16391466,15.45
200,379.5448737,19.23354021,15.5
200,418.13631,19.33975336,15.55
200,465.5855966,19.47080253,15.6
200,511.1441918,19.62132905,15.7
200,554.0948119,19.78733464,15.8
200,666.3826097,19.97983726,15.9
200,769.5055066,20.21202167,16
200,874.2465737,20.48871042,16.075
200,995.0224119,20.69178163,16.15
200,1001.059516,21.1284441,16.225
200,1001.961341,21.48749217,16.3
200,998.9242203,21.8106749,16.4
200,992.5592016,22.12040612,16.5
200,1144.363875,22.44717402,16.6
200,1333.737842,22.8359171,16.7
200,1507.537228,23.30254947,16.875
200,1689.565582,23.84241945,17.05
200,1887.306132,24.26564679,17.225
200,2088.157114,25.10436226,17.4
200,2322.887493,25.90052262,17.6
200,2540.839716,26.75212993,17.8
200,2442.508527,27.59984179,18
200,2324.890672,28.36369761,18.2
200,2189.744049,29.0395359,18.375
200,2038.894102,29.38283225,18.55
200,2151.379965,29.94464175,18.725
200,2224.835585,30.77933301,18.9
200,2297.926543,31.42006417,19
200,2347.26425,32.05763195,19.1
200,2218.748583,32.42505419,19.2
200,2072.810971,33.15144491,19.3
200,1911.928312,33.59446362,19.375
200,1739.49619,33.90670093,19.45
200,1552.066175,34.13561184,19.525
200,1367.231818,34.28310621,19.6
200,1190.005652,34.33900474,19.7
200,1049.440652,34.31790597,19.8
200,928.6270659,34.24084292,19.9
200,850.6080345,34.1286084,20
200,789.9316955,33.96944059,19.625
200,759.3197307,33.7767057,19.25
200,708.2791078,33.56147757,18.875
200,657.6600471,33.32424875,18.5
200,607.6119246,33.06298175,18.15
200,558.2544017,32.7765805,17.8
200,459.7988364,32.55631709,17.45
200,391.5126928,32.10517133,17.1
200,326.6502106,31.69840971,16.725
200,264.4848186,31.27039327,16.35
200,203.4809972,30.80822095,15.975
200,138.1898786,30.30900339,15.6
200,85.72799605,29.80193583,15.5
200,0,29.28833778,15.4
200,0,28.76800189,15.3
200,0,28.261933,15.2
200,0,27.77574918,15.1
200,0,27.30807317,15
200,0,26.85784581,14.9
200,0,26.42403935,14.8
200,0,26.00712392,14.7
200,0,25.6068998,14.6
200,0,25.22236508,14.5
200,0,24.85292259,14.4
200,0,24.49503718,14.3
200,0,24.14691827,14.2
200,0,23.80900801,14.1
200,0,23.48079046,14
200,0,23.16327753,13.925
200,0,22.85630672,13.85
200,0,22.55840208,13.775
200,0,22.26508849,13.7
200,0,21.98106182,13.6
200,0,21.70705598,13.5
200,0,21.4412813,13.4
200,0,21.18169771,13.3
200,0,20.93158468,13.25
200,0,20.69136374,13.2
200,0,20.45956622,13.15
200,0,20.23493392,13.1
200,0,20.01867043,13.075
200,0,19.81087189,13.05
200,0,19.61078858,13.025
200,0,19.4176998,13
200,0,19.22936379,12.95
200,0,19.04523622,12.9
200,0,18.86571073,12.85
200,0,18.69106479,12.8
200,0,18.52091404,12.75
200,0,18.35500794,12.7
200,0,18.1933366,12.65
200,0,18.03593195,12.6
200,50.45306414,17.89181386,12.55
200,68.08714448,17.7638918,12.5
200,97.58639905,17.65180534,12.45
200,133.8207746,17.55626351,12.4
200,164.9967665,17.47717841,12.35
200,196.0392741,17.41370187,12.3
200,280.3696435,17.37462573,12.25
200,367.8965313,17.369775,12.2
200,454.0937412,17.41206299,12.3
200,539.1758968,17.50104498,12.4
200,651.8036835,17.63603031,12.5
200,762.8638006,17.81726459,12.6
200,872.5106079,18.04271827,12.675
200,991.7666718,18.31315951,12.75
200,975.2061688,18.60022575,12.825
200,952.9661899,18.87311117,12.9
200,926.6001328,19.12038569,13
200,897.1252495,19.34249627,13.1
200,994.7213245,19.56970244,13.2
200,1092.799597,19.82935289,13.3
200,1191.241044,20.03344972,13.575
200,1289.913891,20.47705958,13.85
200,1490.763868,20.91289705,14.125
200,1685.192381,21.41233729,14.4
200,1914.46047,21.99855332,14.7
200,2115.226237,22.45649266,15
200,2071.580792,23.28859656,15.3
200,2020.815153,23.9412878,15.6
200,1963.965089,24.26421068,15.875
200,1902.083415,25.01444537,16.15
200,1901.882137,25.34641394,16.425
200,1892.134605,25.73885431,16.7
200,1885.583455,26.45279229,16.65
200,1850.00395,26.91688979,16.6
200,1834.319821,27.29370932,16.55
200,1804.953284,27.66203515,16.5
200,1793.156155,28.00874697,16.45
200,1770.902145,28.33162521,16.4
200,1669.395403,28.61540738,16.35
200,1545.612286,28.8445363,16.3
200,1415.310275,29.00129088,16.25
200,1288.036483,29.09062766,16.2
200,1182.571803,29.12757858,16.15
200,1091.146405,29.1242247,16.1
200,1004.809976,29.07975524,15.95
200,949.234968,29.00281805,15.8
200,862.8304567,28.89380007,15.65
200,774.1902908,28.74939599,15.5
200,683.3958348,28.57019787,15.375
200,590.5003415,28.35696023,15.25
200,504.0443488,28.11175986,15.125
200,417.3073208,27.8361847,15
200,331.267606,27.63266148,14.85
200,244.0799201,27.20858287,14.7
200,187.9162251,26.835359,14.55
200,126.776687,26.45693862,14.4
200,74.05623315,26.06198288,14.3
200,0,25.65292525,14.2
200,0,25.24156382,14.1
200,0,24.84308634,14
200,0,24.4603818,13.925
200,0,24.0921509,13.85
200,0,23.73690136,13.775
200,0,23.39363389,13.7
200,0,23.06093196,13.6
200,0,22.73830112,13.5
200,0,22.42588292,13.4
200,0,22.12338539,13.3
200,0,21.83217705,13.25
200,0,21.54814672,13.2
200,0,21.27671282,13.15
200,0,21.01792337,13.1
200,0,20.77057411,13.075
200,0,20.53278374,13.05
200,0,20.30332331,13.025
200,0,20.08172342,13
200,0,19.86609759,12.95
200,0,19.65599874,12.9
200,0,19.45174736,12.85
200,0,19.25352522,12.8
200,0,19.06469943,12.8
200,0,18.88549507,12.8
200,0,18.7143602,12.8
200,0,18.54999926,12.8
200,0,18.39190848,12.8
200,0,18.23994761,12.8
200,0,18.09398139,12.8
200,0,17.95379642,12.8
200,0,17.81911947,12.8
200,0,17.68973033,12.8
200,0,17.56549213,12.8
200,0,17.44637131,12.8
200,0,17.33142058,12.8
200,0,17.22022335,12.8
200,0,17.11284656,12.8
200,0,17.00944015,12.8
200,52.92404237,16.9188438,12.8
200,72.14886585,16.84415627,12.8
200,100.2934241,16.78444357,12.8
200,128.6245109,16.73808066,12.8
200,157.1504331,16.70487399,12.8
200,185.9201383,16.68555467,12.8
200,312.2249921,16.69693724,12.8
200,427.7948808,16.75676495,12.8
200,541.0815589,16.88956846,13.075
200,652.6348687,17.09475809,13.35
200,675.4740677,17.34268753,13.625
200,696.6444215,17.60479261,13.9
200,716.3371441,17.86924352,14.175
200,745.5765832,18.13723821,14.45
200,853.4610972,18.4287828,14.725
200,985.598033,18.63622863,15
200,1115.557329,19.12662363,15.275
200,1257.092657,19.60376857,15.55
200,1451.285217,20.12622441,15.825
200,1698.543871,20.53565266,16.1
200,1947.072995,21.38710373,16.25
200,2222.161726,22.21177827,16.4
200,2314.329064,23.06111601,16.55
200,2381.783887,23.92030119,16.7
200,2461.758362,24.76265746,16.825
200,2530.613725,25.58657979,16.95
200,2590.737426,26.40110455,17.075
200,2634.73642,27.19914576,17.2
200,2660.532765,27.97579069,17.35
200,2666.15817,28.72594331,17.5
200,2625.236815,29.43858962,17.65
200,2564.881925,30.10584519,17.8
200,2486.014629,30.71215931,17.75
200,2390.04791,31.03547077,17.7
200,2265.956304,31.70301043,17.65
200,2130.102684,32.12174812,17.6
200,1985.864201,32.43040192,17.55
200,1837.198592,32.67581686,17.5
200,1673.82473,32.85780002,17.45
200,1517.369056,32.95972497,17.4
200,1372.475719,32.98736168,17.35
200,1243.202918,32.95581304,17.3
200,1115.798887,32.87337182,17.25
200,1009.091222,32.74607778,17.2
200,919.6918926,32.57895291,17.075
200,867.3697212,32.38712594,16.95
200,801.6467797,32.17669052,16.825
200,704.4610904,31.93812908,16.7
200,637.3399711,31.66876659,16.55
200,571.0507848,31.37369159,16.4
200,493.4943715,31.1604153,16.25
200,418.8268484,30.72422752,16.1
200,347.8007383,30.34312414,15.975
200,267.4546652,29.94554413,15.85
200,207.1130184,29.5187435,15.725
200,148.8395307,29.07588507,15.6
200,87.57934308,28.61370691,15.4
200,0,28.12345896,15.2
200,0,27.62335469,15
200,0,27.13409121,14.8
200,0,26.66024443,14.625
200,0,26.20068723,14.45
200,0,25.75385261,14.275
200,0,25.31894824,14.1
200,0,24.89362058,13.9
200,0,24.47695687,13.7
200,0,24.06934624,13.5
200,0,23.67038752,13.3
200,0,23.29071533,13.25
200,0,22.93198198,13.2
200,0,22.5874946,13.15
200,0,22.25622645,13.1
200,0,21.93967968,13.075
200,0,21.63753566,13.05
200,0,21.34793026,13.025
200,0,21.06660362,13
200,0,20.79870995,12.95
200,0,20.54493536,12.9
200,0,20.30307285,12.85
200,0,20.07122982,12.8
200,0,19.84725157,12.75
200,0,19.63020517,12.7
200,0,19.41984645,12.65
200,0,19.21598055,12.6
200,0,19.01821678,12.55
200,0,18.82620912,12.5
200,0,18.63971538,12.45
200,0,18.45854636,12.4
200,0,18.28246855,12.35
200,0,18.11125915,12.3
200,0,17.94471618,12.25
200,0,17.78265301,12.2
200,0,17.63832064,12.35
200,0,17.51385957,12.5
200,0,17.4048713,12.65
200,0,17.30776663,12.8
200,50.09992871,17.22824242,12.925
200,68.19299253,17.16567389,13.05
200,105.479745,17.12047618,13.175
200,142.8500183,17.09384278,13.3
200,180.325346,17.08864603,13.45
200,217.9810474,17.10544842,13.6
200,351.9215977,17.1597154,13.75
200,489.6522629,17.27115578,13.9
200,615.333379,17.45346415,14.125
200,739.5937606,17.7054215,14.35
200,780.828226,18.0038865,14.575
200,828.3092597,18.1939597,14.8
200,869.6565172,18.63566047,15.05
200,974.5285935,19.04654022,15.3
200,1032.338299,19.47755597,15.55
200,1111.190498,19.94431842,15.8
200,1213.28834,20.44327472,16.025
200,1353.123961,20.98193479,16.25
200,1467.778804,21.56291133,16.475
200,1592.025593,21.95105675,16.7
200,1700.520759,22.73576794,16.875
200,1828.904542,23.41776401,17.05
200,1946.530863,24.08607597,17.225
200,2045.892549,24.77151922,17.4
200,2125.248331,25.4627636,17.6
200,2246.624513,26.16489408,17.8
200,2281.91664,26.86952829,18
200,2364.921925,27.57146939,18.2
200,2429.847468,28.27364593,18.375
200,2473.736689,28.97012048,18.55
200,2440.404998,29.64098533,18.725
200,2385.789843,30.27086867,18.9
200,2310.544,30.60691852,18.85
200,2215.905361,31.31750685,18.8
200,2082.06256,31.77671448,18.75
200,1936.42179,32.11695352,18.7
200,1782.913742,32.38923702,18.65
200,1626.090883,32.59838308,18.6
200,1471.053107,32.72820027,18.55
200,1321.731804,32.78229229,18.5
200,1183.742642,32.7738025,18.45
200,1062.277849,32.7139677,18.4
200,949.6332369,32.60862335,18.35
200,834.7659426,32.45944903,18.3
200,761.6011787,32.26731405,18.075
200,715.1574335,32.04977571,17.85
200,661.564121,31.81605444,17.625
200,607.8154063,31.56551846,17.4
200,554.0851359,31.29592294,17.175
200,500.5305599,31.00687905,16.95
200,412.9995651,30.79661855,16.725
200,355.2339346,30.36618562,16.5
200,300.9119964,29.99358738,16.275
200,249.7545119,29.61326672,16.05
200,191.9056393,29.20754351,15.825
200,139.2787166,28.78174336,15.6
200,81.98690163,28.33932614,15.45
200,0,27.87220526,15.3
200,0,27.39263166,15.15
200,0,26.92247231,15
200,0,26.469189,14.875
200,0,26.03213342,14.75
200,0,25.60929052,14.625
200,0,25.19966078,14.5
200,0,24.80079121,14.35
200,0,24.41169478,14.2
200,0,24.03290231,14.05
200,0,23.66397858,13.9
200,0,23.3044434,13.75
200,0,22.95373736,13.6
200,0,22.61112628,13.45
200,0,22.27607699,13.3
200,0,21.94986898,13.175
200,0,21.63245755,13.05
200,0,21.32250369,12.925
200,0,21.01953767,12.8
200,0,20.72275235,12.65
200,0,20.42632224,12.5
200,0,20.13634677,12.35
200,0,19.85439629,12.2
200,0,19.59478146,12.3
200,0,19.35737374,12.4
200,0,19.13575022,12.5
200,0,18.92569438,12.6
200,0,18.7245401,12.675
200,0,18.53227254,12.75
200,0,18.34955642,12.825
200,0,18.17672993,12.9
200,0,18.01497292,13
200,0,17.86321723,13.1
200,0,17.72043594,13.2
200,0,17.58571428,13.3
200,0,17.45838401,13.4
200,0,17.33918268,13.5
200,0,17.22955883,13.6
200,0,17.13046003,13.7
200,80.08692126,17.05757582,13.775
200,116.0456698,17.0205464,13.85
200,176.1261417,17.02064466,13.925
200,230.2795517,17.06250848,14
200,290.2488216,17.14625624,14.1
200,355.8628065,17.27144003,14.2
200,410.1879001,17.43286565,14.3
200,492.8257456,17.62699557,14.4
200,552.0763744,17.84750411,14.5
200,612.563541,18.08979935,14.6
200,662.470357,18.35063937,14.7
200,711.9023414,18.62734021,14.8
200,763.9875795,18.91860899,14.9
200,843.6284559,19.10014333,15
200,954.0224262,19.54199852,15.1
200,1062.469043,19.95876591,15.2
200,1193.632943,20.39446342,15.3
200,1343.963971,20.87850236,15.4
200,1498.499913,21.41071098,15.5
200,1659.788697,21.98795954,15.6
200,1822.129511,22.40874552,15.775
200,1980.240677,23.23620944,15.95
200,2118.698133,23.96729656,16.125
200,2243.513922,24.69353449,16.3
200,2351.669132,25.44172877,16.5
200,2440.88711,26.19923348,16.7
200,2498.536525,26.95438241,16.9
200,2534.419935,27.6970232,17.1
200,2548.193055,28.41692716,17.275
200,2539.757057,29.10770356,17.45
200,2501.305302,29.76462491,17.625
200,2441.181059,30.38228278,17.8
200,2360.19775,30.71500976,17.75
200,2259.739753,31.41006821,17.7
200,2131.141312,31.86050969,17.65
200,1989.046316,32.20179479,17.6
200,1837.245582,32.48078979,17.55
200,1680.258017,32.70009525,17.5
200,1513.629892,32.83932277,17.45
200,1353.951987,32.90000276,17.4
200,1206.922826,32.89497285,17.35
200,1077.745479,32.83594878,17.3
200,961.6230364,32.72979733,17.25
200,844.3442041,32.57873558,17.2
200,769.1396664,32.38705182,17.025
200,720.5562128,32.17177498,16.85
200,667.0095431,31.94089105,16.675
200,613.4548052,31.69310486,16.5
200,560.0672179,31.42441571,16.3
200,507.0025541,31.13442701,16.1
200,417.3969062,30.91994714,15.9
200,357.9547182,30.48362799,15.7
200,302.0515425,30.10469475,15.525
200,249.4016388,29.71571169,15.35
200,191.4821995,29.29949516,15.175
200,138.8461194,28.86203871,15
200,81.48396447,28.40361106,14.85
200,0,27.91542488,14.7
200,0,27.41172908,14.55
200,0,26.91594313,14.4
200,0,26.43703423,14.275
200,0,25.97509988,14.15
200,0,25.52819931,14.025
200,0,25.09525232,13.9
200,0,24.67352572,13.75
200,0,24.26194496,13.6
200,0,23.86092381,13.45
200,0,23.4699653,13.3
200,0,23.09549158,13.25
200,0,22.73786173,13.2
200,0,22.39191206,13.15
200,0,22.05632182,13.1
200,0,21.73254774,13.075
200,0,21.42046372,13.05
200,0,21.11847685,13.025
200,0,20.82549535,13
200,0,20.53581823,12.95
200,0,20.25454856,12.9
200,0,19.98279415,12.85
200,0,19.71844231,12.8
200,0,19.4533006,12.65
200,0,19.18655537,12.5
200,0,18.92161983,12.35
200,0,18.66143549,12.2
200,0,18.40855389,12.075
200,0,18.16297415,11.95
200,0,17.92363123,11.825
200,0,17.68968233,11.7
200,0,17.45902013,11.55
200,0,17.23122677,11.4
200,0,17.0065505,11.25
200,0,16.78549211,11.1
200,0,16.59352316,11.325
200,0,16.43374611,11.55
200,0,16.29628041,11.775
200,0,16.16819376,12
200,79.3728423,16.06691466,12.25
200,115.264548,16.0095559,12.5
200,176.2729378,16.00536515,12.75
200,231.1438743,16.06750094,13
200,291.7128419,16.20031002,13.225
200,357.9675532,16.40391298,13.45
200,411.9649069,16.67015281,13.675
200,494.8465691,16.87022609,13.9
200,554.1141769,17.3445292,14.275
200,614.7080643,17.81341046,14.65
200,664.5580122,18.29966789,15.025
200,713.9681189,18.80274715,15.4
200,768.0423849,19.31290297,15.75
200,849.673162,19.83721193,16.1
200,943.2903538,20.3910752,16.45
200,1075.27381,20.98127733,16.8
200,1210.670469,21.36312445,17.175
200,1365.280708,22.1785019,17.55
200,1523.006739,22.92489929,17.925
200,1687.385273,23.68851328,18.3
200,1852.697372,24.50005387,18.8
200,2013.653034,25.35488301,19.3
200,2153.875401,26.24500935,19.8
200,2280.173121,26.8851008,20.3
200,2389.548781,28.03287982,20.825
200,2479.745366,29.01424461,21.35
200,2539.128224,29.96076912,21.875
200,2576.561428,30.90724454,22.4
200,2591.664537,31.83921378,22.9
200,2584.298651,32.43429961,23.4
200,2546.026863,33.22517113,23.9
200,2485.774041,34.35401797,24.4
200,2404.326755,34.81374235,24.125
200,2303.037037,35.70110881,23.85
200,2173.552451,36.28824546,23.575
200,2030.077948,36.5253022,23.3
200,1876.375271,37.07009374,23.025
200,1716.954543,37.35963923,22.75
200,1546.481383,37.51726224,22.475
200,1382.781413,37.59610612,22.2
200,1231.642175,37.59649528,21.925
200,1098.39601,37.52076523,21.65
200,960.1391006,37.37459554,21.375
200,860.2881221,37.17198849,21.1
200,783.5499429,36.92799763,20.775
200,733.7461009,36.65992093,20.45
200,676.8946899,36.37266169,20.125
200,621.2691372,36.16489945,19.8
200,537.2405621,35.73923386,19.475
200,485.717706,35.3657518,19.15
200,425.0672983,34.97855542,18.825
200,367.5994382,34.5622971,18.5
200,313.6716318,34.12314237,18.175
200,262.8618039,33.66243043,17.85
200,183.7119204,33.17334275,17.525
200,127.8755928,32.65557298,17.2
200,76.51639836,32.12406291,17.025
200,0,31.57285201,16.85
200,0,31.00988568,16.675
200,0,30.45680945,16.5
200,0,29.91905529,16.3
200,0,29.3963715,16.1
200,0,28.88875978,15.9
200,0,28.39533262,15.7
200,0,27.91610332,15.525
200,0,27.45019154,15.35
200,0,26.99609315,15.175
200,0,26.5530775,15
200,0,26.12549848,14.9
200,0,25.7138221,14.8
200,0,25.31525641,14.7
200,0,24.92950436,14.6
200,0,24.55850704,14.525
200,0,24.20211267,14.45
200,0,23.85861466,14.375
200,0,23.5273901,14.3
200,0,23.20692569,14.2
200,0,22.89662884,14.1
200,0,22.59677858,14
200,0,22.30668534,13.9
200,0,22.02760484,13.9
200,0,21.76577291,13.9
200,0,21.5193594,13.9
200,0,21.28400885,13.9
200,0,21.0572581,13.9
200,0,20.83858443,13.9
200,0,20.62806423,13.9
200,0,20.42560044,13.9
200,0,20.23083632,13.9
200,0,20.04339288,13.9
200,0,19.86296307,13.9
200,0,19.68929041,13.9
200,0,19.52369078,13.95
200,0,19.36577581,14
200,0,19.21440475,14.05
200,0,19.06880295,14.1
200,64.28824693,18.93945514,14.125
200,95.8145497,18.83300766,14.15
200,162.1494657,18.75924536,14.175
200,231.3742259,18.72760544,14.2
200,303.3644273,18.74454505,14.25
200,391.9220984,18.81396124,14.3
200,460.7067803,18.93275721,14.35
200,530.0877482,19.09336135,14.4
200,599.4372273,19.30577708,14.725
200,668.6250842,19.56655448,15.05
200,697.1781135,19.85786723,15.375
200,726.240643,20.03728843,15.7
200,786.4279004,20.45230881,16.025
200,851.6130169,20.82782758,16.35
200,927.7284538,21.21909166,16.675
200,1030.375604,21.65666621,17
200,1182.680559,22.15266247,17.325
200,1344.142209,22.71440947,17.65
200,1486.186,23.11516685,17.975
200,1641.11583,23.9285804,18.3
200,1798.775199,24.65853669,18.575
200,1954.281996,25.39747039,18.85
200,2084.403937,26.16963287,19.125
200,2197.455989,26.9619773,19.4
200,2291.310808,27.76411211,19.7
200,2364.708728,28.56617598,20
200,2413.798241,29.3618178,20.3
200,2443.838786,30.14169038,20.6
200,2453.796679,30.89571214,20.875
200,2442.732732,31.61846359,21.15
200,2401.183351,32.30478773,21.425
200,2339.477745,32.95013865,21.7
200,2258.43969,33.28362687,21.55
200,2159.399622,33.99210595,21.4
200,2072.41795,34.45430065,21.25
200,1969.329797,34.81530962,21.1
200,1853.028227,35.13016793,20.975
200,1727.280832,35.38312651,20.85
200,1559.12964,35.56209658,20.725
200,1397.257491,35.65504538,20.6
200,1245.44719,35.66891366,20.45
200,1106.346287,35.6167306,20.3
200,976.3124709,35.50651751,20.15
200,871.5700697,35.34674212,20
200,789.7456596,35.14112573,19.725
200,734.2630092,34.90458692,19.45
200,680.4316184,34.64573633,19.175
200,626.3374959,34.36502328,18.9
200,542.2395771,34.15411126,18.625
200,489.5578378,33.72909514,18.35
200,425.1515431,33.35737206,18.075
200,363.9276968,32.96883853,17.8
200,306.2516821,32.54934722,17.525
200,251.7691053,32.10774953,17.25
200,193.0986446,31.64452696,16.975
200,126.0745042,31.15633872,16.7
200,79.13335838,30.65192866,16.5
200,0,30.1280626,16.3
200,0,29.59502849,16.1
200,0,29.07265433,15.9
200,0,28.56705224,15.725
200,0,28.07717566,15.55
200,0,27.60108632,15.375
200,0,27.13782283,15.2
200,0,26.68491286,15
200,0,26.24139422,14.8
200,0,25.80759046,14.6
200,0,25.38297398,14.4
200,0,24.97321436,14.3
200,0,24.57884379,14.2
200,0,24.19596178,14.1
200,0,23.82420286,14
200,0,23.4650397,13.925
200,0,23.11803158,13.85
200,0,22.78164693,13.775
200,0,22.45533329,13.7
200,0,22.13722339,13.6
200,0,21.82680206,13.5
200,0,21.52455154,13.4
200,0,21.23002569,13.3
200,0,20.94035415,13.2
200,0,20.66199496,13.1
200,0,20.39579108,13
200,0,20.13928694,12.9
200,0,19.89130891,12.825
200,0,19.6510558,12.75
200,0,19.41795325,12.675
200,0,19.19159397,12.6
200,0,18.97009341,12.5
200,0,18.752999,12.4
200,0,18.54065761,12.3
200,0,18.33331064,12.2
200,0,18.14115854,12.25
200,0,17.96549534,12.3
200,0,17.80252385,12.35
200,0,17.64909474,12.4
200,60.69063577,17.51477424,12.45
200,86.48174072,17.40422326,12.5
200,131.0239072,17.31981753,12.55
200,175.2021659,17.26186394,12.6
200,213.4996051,17.22963387,12.65
200,256.3562483,17.22197857,12.7
200,397.2737001,17.25903102,12.75
200,525.2984374,17.36501529,12.8
200,664.9289725,17.57470759,13.225
200,796.8507678,17.79514265,13.65
200,822.9360517,18.24801666,14.075
200,835.2539008,18.66490377,14.5
200,889.554061,19.08495789,14.9
200,945.8893697,19.53602832,15.3
200,1013.061569,20.01980865,15.7
200,1129.590822,20.54164683,16.1
200,1248.082837,21.10842105,16.525
200,1393.654467,21.49910198,16.95
200,1554.443285,22.31403795,17.375
200,1721.295769,23.05519333,17.8
200,1888.529883,23.8020118,18.075
200,2050.928154,24.58694024,18.35
200,2192.490531,25.40543794,18.625
200,2319.547277,26.24901901,18.9
200,2429.227582,27.11054099,19.175
200,2519.395537,27.98338409,19.45
200,2578.53145,28.8482989,19.725
200,2615.636767,29.69359066,20
200,2630.364099,30.51812624,20.275
200,2622.596149,31.31368183,20.55
200,2585.97876,32.07481504,20.825
200,2527.248885,32.7967691,21.1
200,2447.101242,33.4440365,20.925
200,2346.77361,33.77675928,20.75
200,2214.337147,34.47223974,20.575
200,2067.676199,34.89621062,20.4
200,1910.473873,35.19073913,20.2
200,1747.15448,35.41406807,20
200,1575.107484,35.5532053,19.8
200,1408.777309,35.60211336,19.6
200,1254.00794,35.57218071,19.425
200,1116.322442,35.47654838,19.25
200,971.8263309,35.31943905,19.075
200,864.2787033,35.10969026,18.9
200,780.917574,34.85346789,18.575
200,723.4328851,34.56784993,18.25
200,659.5116697,34.361375,17.925
200,596.0024217,33.94424351,17.6
200,533.1204673,33.57980016,17.275
200,471.0619409,33.19866757,16.95
200,389.7477846,32.78312444,16.625
200,337.7389761,32.34348063,16.3
200,289.6079892,31.88591694,15.975
200,244.9849992,31.41118713,15.65
200,186.9991259,30.91639895,15.325
200,121.0287102,30.39654188,15
200,74.60325243,29.8634905,14.825
200,0,29.31431867,14.65
200,0,28.75700915,14.475
200,0,28.21132322,14.3
200,0,27.68015506,14.1
200,0,27.16221119,13.9
200,0,26.65766641,13.7
200,0,26.16559916,13.5
200,0,25.68729151,13.325
200,0,25.22243686,13.15
200,0,24.76924992,12.975
200,0,24.327132,12.8
200,0,23.90698484,12.8
200,0,23.50970587,12.8
200,0,23.12807517,12.8
200,0,22.76121217,12.8
200,0,22.40896353,12.8
200,0,22.0705482,12.8
200,0,21.74538408,12.8
200,0,21.43295902,12.8
200,0,21.13276262,12.8
200,0,20.84388321,12.8
200,0,20.56250704,12.8
200,0,20.29438171,12.8
200,0,20.03690414,12.75
200,0,19.78715224,12.7
200,0,19.54417836,12.65
200,0,19.30809099,12.6
200,0,19.07894072,12.55
200,0,18.85656203,12.5
200,0,18.64067776,12.45
200,0,18.43101096,12.4
200,0,18.22732173,12.35
200,0,18.02939796,12.3
200,0,17.83703735,12.25
200,0,17.65004571,12.2
200,0,17.48333099,12.375
200,0,17.33968755,12.55
200,0,17.21300507,12.725
200,0,17.09805416,12.9
200,77.88848358,17.00982062,13.1
200,112.5310252,16.95932537,13.3
200,156.7172598,16.94971873,13.5
200,206.9442668,16.9898495,13.7
200,281.5114139,17.08642719,13.875
200,346.4686177,17.24031014,14.05
200,399.6538528,17.44475691,14.225
200,454.4838803,17.69008515,14.4
200,510.6288898,17.98167083,14.775
200,567.9294719,18.17755349,15.15
200,616.6994719,18.63559786,15.525
200,699.1303811,19.05543995,15.9
200,757.1293743,19.48603732,16.275
200,838.514282,19.95220916,16.65
200,933.5956818,20.45732819,17.025
200,1054.239872,21.00317399,17.4
200,1198.249316,21.58801313,17.775
200,1361.132621,21.9843416,18.15
200,1529.834047,22.85472481,18.525
200,1705.136485,23.65416887,18.9
200,1881.134306,24.46104358,19.225
200,2052.398115,25.31365642,19.55
200,2200.952187,26.19946192,19.875
200,2334.482623,26.83245057,20.2
200,2449.965419,27.9627251,20.525
200,2545.112527,28.92314882,20.85
200,2607.601173,29.84173401,21.175
200,2646.867369,30.75502087,21.5
200,2662.478773,31.34743706,21.825
200,2654.282798,32.4496878,22.15
200,2612.750241,33.01609127,22.475
200,2548.059336,33.69632678,22.8
200,2461.104522,34.68258525,22.575
200,2353.324283,35.29865939,22.35
200,2219.089959,35.56842681,22.125
200,2069.656072,36.18830055,21.9
200,1908.773551,36.54023493,21.65
200,1740.980201,36.75717844,21.4
200,1561.647189,36.89488822,21.15
200,1388.19807,36.94772066,20.9
200,1226.764519,36.91547589,20.675
200,1083.199657,36.80899234,20.45
200,953.3470728,36.64034996,20.225
200,849.9989587,36.42134314,20
200,771.8228055,36.14945981,19.525
200,716.4959134,35.93493076,19.05
200,629.0956646,35.50700799,18.575
200,575.5904814,35.1237328,18.1
200,522.3692066,34.72207213,17.65
200,469.5976621,34.29100947,17.2
200,408.3332261,33.83436903,16.75
200,350.2052119,33.35074826,16.3
200,295.5957885,32.83927899,15.825
200,227.5592312,32.29830157,15.35
200,171.4105449,31.73003572,14.875
200,121.2596172,31.13809911,14.4
200,76.89285302,30.54790785,14.275
200,0,29.95254201,14.15
200,0,29.35214433,14.025
200,0,28.76772139,13.9
200,0,28.20316132,13.75
200,0,27.65664317,13.6
200,0,27.12760333,13.45
200,0,26.61489985,13.3
200,0,26.11874751,13.175
200,0,25.63829232,13.05
200,0,25.17184274,12.925
200,0,24.71859754,12.8
200,0,24.28241306,12.75
200,0,23.86329389,12.7
200,0,23.45820025,12.65
200,0,23.06655233,12.6
200,0,22.68810274,12.55
200,0,22.32247468,12.5
200,0,21.96905466,12.45
200,0,21.62706931,12.4
200,0,21.29591409,12.35
200,0,20.97515016,12.3
200,0,20.66438144,12.25
200,0,20.36320152,12.2
200,0,20.07101424,12.15
200,0,19.78421443,12.1
200,0,19.50876636,12.05
200,0,19.24558527,12
200,0,18.99375114,11.975
200,0,18.75140434,11.95
200,0,18.51727121,11.925
200,0,18.29085613,11.9
200,0,18.07041065,11.85
200,0,17.85555143,11.8
200,0,17.64660284,11.75
200,0,17.44377006,11.7
200,0,17.26733343,11.925
200,0,17.12114547,12.15
200,0,16.99728335,12.375
200,0,16.8895741,12.6
200,59.55819775,16.80341898,12.825
200,85.66282513,16.74567079,13.05
200,147.4440056,16.72363441,13.275
200,211.956318,16.74093326,13.5
200,276.3780489,16.7978884,13.725
200,340.6203255,16.89395783,13.95
200,427.8410976,17.03762638,14.175
200,511.7147269,17.23984422,14.4
200,596.6240181,17.50526934,14.725
200,692.064331,17.70604481,15.05
200,729.1780505,18.16520848,15.375
200,774.5792879,18.59546934,15.7
200,832.4982997,19.04016523,16.025
200,943.9208904,19.537787,16.35
200,1031.635388,20.09350016,16.675
200,1145.681882,20.69097303,17
200,1304.675602,21.08930667,17.325
200,1468.751367,21.95928742,17.65
200,1639.890071,22.74476634,17.975
200,1817.87359,23.53397165,18.3
200,1997.323426,24.37335275,18.675
200,2173.206487,25.25817533,19.05
200,2285.923663,25.89391397,19.425
200,2377.770623,27.03242343,19.8
200,2447.337353,27.98978357,20.175
200,2494.126476,28.89910682,20.55
200,2562.669838,29.49939792,20.925
200,2612.325584,30.31942381,21.3
200,2641.967258,31.51505633,21.675
200,2650.654733,32.41108234,22.05
200,2615.20091,32.97203625,22.425
200,2559.373825,34.00350872,22.8
200,2484.095096,34.74537709,22.475
200,2390.716929,35.35364807,22.15
200,2281.00891,35.6650027,21.825
200,2155.25815,36.30780289,21.5
200,2016.341708,36.67774913,21.175
200,1867.962374,36.91706801,20.85
200,1687.724308,37.07407686,20.525
200,1513.540006,37.13584014,20.2
200,1350.774156,37.10160669,19.875
200,1204.470118,36.98531718,19.55
200,1043.216484,36.79405715,19.225
200,927.0173174,36.53985961,18.9
200,833.5765431,36.32523519,18.525
200,764.8944146,35.91294106,18.15
200,698.1208467,35.54859928,17.775
200,632.1393306,35.16216987,17.4
200,567.1619627,34.7432751,17.025
200,503.3767139,34.29985345,16.65
200,437.7613015,33.83145034,16.275
200,352.1996512,33.33203385,15.9
200,293.6276322,32.8039543,15.525
200,238.5864118,32.2544209,15.15
200,179.5217249,31.68461533,14.775
200,123.2437373,31.0947994,14.4
200,66.22279108,30.50248634,14.275
200,0,29.90551475,14.15
200,0,29.30949033,14.025
200,0,28.73122556,13.9
200,0,28.17185884,13.75
200,0,27.62961404,13.6
200,0,27.10444816,13.45
200,0,26.59537938,13.3
200,0,26.10292613,13.175
200,0,25.62633269,13.05
200,0,25.16381945,12.925
200,0,24.71462623,12.8
200,0,24.28636572,12.8
200,0,23.87936863,12.8
200,0,23.48819552,12.8
200,0,23.1118579,12.8
200,0,22.74961584,12.8
200,0,22.40051987,12.8
200,0,22.06393079,12.8
200,0,21.73920499,12.8
200,0,21.42617595,12.8
200,0,21.1245121,12.8
200,0,20.83320302,12.8
200,0,20.54842821,12.8
200,0,20.27614978,12.8
200,0,20.01719591,12.8
200,0,19.76929529,12.8
200,0,19.53055896,12.8
200,0,19.30017317,12.8
200,0,19.07795933,12.8
200,0,18.86377896,12.8
200,0,18.65737379,12.8
200,0,18.45833431,12.8
200,0,18.26648185,12.8
200,0,18.0814072,12.8
200,0,17.9024652,12.8
200,0,17.7414888,12.975
200,0,17.60042837,13.15
200,0,17.47255575,13.325
200,0,17.35344698,13.5
200,56.75931148,17.25774819,13.7
200,82.10256322,17.19285336,13.9
200,152.5998178,17.16749659,14.1
200,219.2039221,17.1882759,14.3
200,288.9741963,17.25796951,14.475
200,375.4245882,17.38468049,14.65
200,442.9364207,17.56908668,14.825
200,513.1721168,17.81117448,15
200,585.4883955,18.00333453,15.375
200,659.7248956,18.45110624,15.75
200,722.3339419,18.89023975,16.125
200,784.5968593,19.34341931,16.5
200,896.8930687,19.83956593,16.85
200,1006.386381,20.38394999,17.2
200,1123.370123,20.97749913,17.55
200,1263.476871,21.36288251,17.9
200,1426.342165,22.22482045,18.275
200,1609.59006,23.01326393,18.65
200,1779.66419,23.84444084,19.025
200,1954.324215,24.7261141,19.4
200,2128.735946,25.34827825,19.625
200,2298.441297,26.50510517,19.85
200,2403.925188,27.49353632,20.075
200,2493.97069,28.43100069,20.3
200,2566.578742,29.34961966,20.55
200,2620.36636,29.94568736,20.8
200,2682.026506,30.74209588,21.05
200,2723.289519,31.89924902,21.3
200,2744.197137,32.76175376,21.525
200,2745.029377,33.30259167,21.75
200,2706.840851,34.27969673,21.975
200,2649.650034,35.01827457,22.2
200,2574.249266,35.64430884,21.975
200,2481.817182,35.97174959,21.75
200,2378.5426,36.65288628,21.525
200,2262.200987,37.07682579,21.3
200,2135.544395,37.38906874,21.05
200,2001.914041,37.63712194,20.8
200,1837.172399,37.81448083,20.55
200,1686.128349,37.90229852,20.3
200,1533.033401,37.90593355,20.075
200,1415.682787,37.8439647,19.85
200,1244.872858,37.71466208,19.625
200,1088.70604,37.51394471,19.4
200,948.1429973,37.25650875,19.275
200,826.4647499,36.95704271,19.15
200,755.0008038,36.7374743,19.025
200,683.0770395,36.30810544,18.9
200,610.8631594,35.94204533,18.75
200,538.5165702,35.56126191,18.6
200,464.2314032,35.15308311,18.45
200,393.2689992,34.72415434,18.3
200,311.7982302,34.27126146,18.175
200,247.812631,33.79487638,18.05
200,189.7017632,33.30064415,17.925
200,132.8615356,32.79254824,17.8
200,72.5747332,32.26099388,17.525
200,0,31.70078048,17.25
200,0,31.13268995,16.975
200,0,30.57464791,16.7
200,0,30.02775059,16.4
200,0,29.49129969,16.1
200,0,28.96582663,15.8
200,0,28.45071141,15.5
200,0,27.94663817,15.225
200,0,27.45317531,14.95
200,0,26.96897491,14.675
200,0,26.4935505,14.4
200,0,26.03947471,14.3
200,0,25.60797921,14.2
200,0,25.19110612,14.1
200,0,24.78794179,14
200,0,24.39984878,13.925
200,0,24.02644948,13.85
200,0,23.66624773,13.775
200,0,23.3183681,13.7
200,0,22.98056081,13.6
200,0,22.65206883,13.5
200,0,22.33349121,13.4
200,0,22.02456948,13.3
200,0,21.7297468,13.3
200,0,21.44535608,13.3
200,0,21.17575816,13.3
200,0,20.92036981,13.3
200,0,20.67689758,13.3
200,0,20.44363554,13.3
200,0,20.21993587,13.3
200,0,20.00563281,13.3
200,0,19.79994365,13.3
200,0,19.60232391,13.3
200,0,19.41246761,13.3
200,0,19.23011887,13.3
200,0,19.06163021,13.4
200,0,18.9077886,13.5
200,0,18.76616076,13.6
200,0,18.63476513,13.7
200,61.49475155,18.52224793,13.775
200,89.04584377,18.43242949,13.85
200,161.0512927,18.37260458,13.925
200,230.9201345,18.34901896,14
200,300.9986913,18.36496262,14.1
200,371.121466,18.41905991,14.2
200,409.145088,18.50193327,14.3
200,447.2140233,18.60441966,14.4
200,484.7016732,18.7250064,14.55
200,521.7470822,18.8629569,14.7
200,662.8300197,19.03853967,14.85
200,793.9426973,19.27237765,15
200,951.0054831,19.47298732,15.125
200,1127.325802,19.93533506,15.25
200,1129.01792,20.37924889,15.375
200,1106.704901,20.79160224,15.5
200,1080.804514,21.17112769,15.65
200,1004.212912,21.50303867,15.8
200,1067.166346,21.80914006,15.95
200,1128.366091,22.12572935,16.1
200,1187.355419,22.45895314,16.25
200,1243.853592,22.80516141,16.4
200,1558.713723,23.22183499,16.55
200,1877.41108,23.76566745,16.7
200,2180.642975,24.23190282,16.825
200,2491.053095,25.15549094,16.95
200,2587.683902,25.73660449,17.075
200,2645.057682,26.43939225,17.2
200,2671.325016,27.19578647,17.35
200,2694.73268,28.27991975,17.5
200,2681.160054,28.76259291,17.65
200,2649.081685,29.69731143,17.8
200,2599.890464,30.37690314,17.75
200,2535.233336,30.71318649,17.7
200,2402.136019,31.46021178,17.65
200,2238.586127,31.9349777,17.6
200,2039.230342,32.27153446,17.55
200,1831.196642,32.52393306,17.5
200,1626.954989,32.69572335,17.45
200,1426.066308,32.77288694,17.4
200,1234.22512,32.76176323,17.35
200,1057.050536,32.67652765,17.3
200,947.1589455,32.53987351,17.25
200,863.2915695,32.37098405,17.2
200,772.1713352,32.16435032,16.975
200,728.7670647,31.93053878,16.75
200,677.4589364,31.67907822,16.525
200,605.4734306,31.40349824,16.3
200,562.269914,31.19983354,16.05
200,509.5106816,30.7858517,15.8
200,445.1485206,30.42020067,15.55
200,378.8163045,30.03783655,15.3
200,322.3543668,29.63275642,15.075
200,248.7328315,29.21209814,14.85
200,186.2636966,28.7742607,14.625
200,126.83976,28.31875333,14.4
200,67.02004875,27.85131708,14.3
200,0,27.36927507,14.2
200,0,26.88347752,14.1
200,0,26.41077421,14
200,0,25.9562185,13.925
200,0,25.51887001,13.85
200,0,25.09676437,13.775
200,0,24.68896523,13.7
200,0,24.29214047,13.6
200,0,23.90498426,13.5
200,0,23.52832173,13.4
200,0,23.16164856,13.3
200,0,22.80877084,13.25
200,0,22.47007128,13.2
200,0,22.1425118,13.15
200,0,21.82539397,13.1
200,0,21.5199732,13.075
200,0,21.22556036,13.05
200,0,20.93775402,13.025
200,0,20.66223819,13
200,0,20.39799544,12.95
200,0,20.14226621,12.9
200,0,19.89349819,12.85
200,0,19.65133501,12.8
200,0,19.41986358,12.8
200,0,19.19979183,12.8
200,0,18.98976107,12.8
200,0,18.78855631,12.8
200,0,18.59528752,12.8
200,0,18.40964663,12.8
200,0,18.23153319,12.8
200,0,18.06085881,12.8
200,0,17.89718127,12.8
200,0,17.73959302,12.8
200,0,17.58784795,12.8
200,0,17.44192164,12.8
200,0,17.31046344,12.925
200,0,17.19494516,13.05
200,0,17.09043777,13.175
200,0,16.99373536,13.3
200,47.59791586,16.91672192,13.45
200,67.48827827,16.86452508,13.6
200,101.2701419,16.83780524,13.75
200,134.9174057,16.83546133,13.9
200,168.3593194,16.85560382,14.025
200,201.9676,16.8977692,14.15
200,338.471607,16.98037228,14.275
200,466.0344378,17.11322074,14.4
200,591.5761804,17.33407364,14.775
200,725.2809574,17.54546749,15.15
200,791.5607919,18.01817741,15.525
200,863.8435457,18.48534096,15.9
200,963.8452628,18.98479188,16.275
200,1105.287762,19.55086127,16.65
200,1235.995564,19.94433772,17.025
200,1387.246258,20.81720337,17.4
200,1559.156715,21.61918789,17.775
200,1750.083214,22.45348969,18.15
200,1885.33085,23.33871288,18.525
200,2013.101971,23.95177667,18.9
200,2143.74382,25.09783347,19.175
200,2273.312915,26.07015125,19.45
200,2396.306963,27.00330281,19.725
200,2498.135266,27.94125511,20
200,2578.080374,28.868669,20.275
200,2636.227352,29.77240402,20.55
200,2719.819757,30.3760372,20.825
200,2788.904863,31.18384893,21.1
200,2841.164243,32.34761731,21.375
200,2874.360953,33.22631541,21.65
200,2845.239595,33.78582526,21.925
200,2795.608031,34.78636889,22.2
200,2725.410685,35.51753784,22.1
200,2635.045131,36.14012584,22
200,2497.517762,36.46793481,21.9
200,2351.671059,37.13153759,21.8
200,2201.091527,37.52426065,21.725
200,2049.623744,37.79852313,21.65
200,1844.05321,38.0000521,21.575
200,1645.367337,38.10850059,21.5
200,1457.767737,38.11904979,21.4
200,1284.989822,38.04638292,21.3
200,1127.829934,37.92397088,21.2
200,1015.126561,37.75207585,21.1
200,920.2095755,37.51967348,20.725
200,839.3946968,37.2398936,20.35
200,762.9456677,37.02581506,19.975
200,687.1921338,36.58282867,19.6
200,611.5755856,36.185835,19.25
200,536.2635763,35.77397592,18.9
200,439.6362064,35.32069463,18.55
200,361.4821961,34.83261348,18.2
200,285.7823018,34.31369009,17.825
200,206.7703979,33.76446554,17.45
200,155.48754,33.19244731,17.075
200,105.0735586,32.60528946,16.7
200,56.44230433,32.02411271,16.6
200,0,31.44795756,16.5
200,0,30.87803315,16.4
200,0,30.32682628,16.3
200,0,29.79721668,16.225
200,0,29.28739361,16.15
200,0,28.79538246,16.075
200,0,28.32016066,16
200,0,27.85968394,15.9
200,0,27.41307993,15.8
200,0,26.98035105,15.7
200,0,26.56082237,15.6
200,0,26.15761469,15.55
200,0,25.77048505,15.5
200,0,25.39840115,15.45
200,0,25.03812961,15.4
200,0,24.68710602,15.35
200,0,24.34579095,15.3
200,0,24.01378336,15.25
200,0,23.6901251,15.2
200,0,23.37401343,15.15
200,0,23.06427238,15.1
200,0,22.75906458,15.05
200,0,22.45630911,15
200,0,22.15474328,14.95
200,0,21.85679169,14.9
200,0,21.56460866,14.85
200,0,21.28393081,14.8
200,0,21.0178098,14.75
200,0,20.76696515,14.7
200,0,20.53086005,14.65
200,0,20.30848507,14.6
200,0,20.09745551,14.55
200,0,19.89610113,14.5
200,0,19.70335988,14.45
200,0,19.51842346,14.4
200,0,19.3550826,14.55
200,0,19.21504883,14.7
200,0,19.09268896,14.85
200,0,18.98323905,15
200,0,18.88238371,15.125
200,94.4024838,18.80848661,15.25
200,166.1650158,18.77691572,15.375
200,232.7952468,18.78874615,15.5
200,303.2852378,18.84561853,15.65
200,391.7389497,18.95565181,15.8
200,479.5748235,19.12198525,15.95
200,566.3310773,19.33820368,16.1
200,634.8383049,19.59529608,16.325
200,718.6054839,19.88584093,16.55
200,769.72779,20.0685689,16.775
200,808.4572899,20.49604286,17
200,915.325635,20.89327281,17.25
200,1014.438647,21.3197501,17.5
200,1106.12861,21.79452412,17.75
200,1210.749927,22.30643997,18
200,1323.276333,22.84500158,18.225
200,1438.087832,23.40666267,18.45
200,1614.807383,24.00604563,18.675
200,1806.693934,24.44228933,18.9
200,2009.458648,25.32736781,19.125
200,2204.786868,26.14126035,19.35
200,2349.945832,26.96633199,19.575
200,2460.294737,27.81031284,19.8
200,2548.410168,28.65976945,20.05
200,2614.05863,29.50510677,20.3
200,2727.791547,30.35631798,20.55
200,2826.03593,31.22111845,20.8
200,2863.918012,32.07928681,21.025
200,2924.884829,32.92674728,21.25
200,2878.244995,33.74667673,21.475
200,2810.099778,34.51802273,21.7
200,2721.331771,35.21327214,21.55
200,2613.245864,35.82821463,21.4
200,2467.683,36.14513916,21.25
200,2342.678318,36.79324273,21.1
200,2190.425729,37.18376118,20.975
200,2041.094929,37.46109584,20.85
200,1845.415147,37.67155607,20.725
200,1645.172985,37.79284822,20.6
200,1445.690882,37.81453512,20.45
200,1252.764449,37.74622262,20.3
200,1100.676086,37.60708778,20.15
200,969.975248,37.41309782,20
200,861.2975645,37.17222358,19.775
200,771.6166591,36.89540087,19.55
200,708.7727788,36.5964573,19.325
200,650.1839797,36.38463158,19.1
200,592.2782961,35.95815346,18.85
200,535.19766,35.59051606,18.6
200,433.7517695,35.19743944,18.35
200,364.2498031,34.76336883,18.1
200,298.1047819,34.30417127,17.875
200,235.7138304,33.8217126,17.65
200,169.2546261,33.31347719,17.425
200,115.5150621,32.78273553,17.2
200,64.71825983,32.23836507,17.075
200,0,31.67738234,16.95
200,0,31.11078143,16.825
200,0,30.55682094,16.7
200,0,30.01897502,16.55
200,0,29.49702292,16.4
200,0,28.9912278,16.25
200,0,28.50057385,16.1
200,0,28.02547911,15.975
200,0,27.56538951,15.85
200,0,27.11879806,15.725
200,0,26.68502103,15.6
200,0,26.27644403,15.65
200,0,25.89489421,15.7
200,0,25.53291668,15.75
200,0,25.18944414,15.8
200,0,24.86205227,15.825
200,0,24.54937447,15.85
0,0,24.07567573,15.875
0,0,23.59547973,15.9
0,0,23.25392131,15.95
0,0,22.94924518,16
0,0,22.65738736,16.05
0,0,22.37334158,16.1
0,0,22.1001419,16.05
0,0,21.83847362,16
0,0,21.58661684,15.95
0,0,21.34277538,15.9
0,0,21.10861629,15.875
0,0,20.88455135,15.85
0,0,20.66994513,15.825
0,0,20.46413863,15.8
0,0,20.2642481,15.75
0,0,20.06936961,15.7
0,0,19.87976394,15.65
0,0,19.69561218,15.6
0,0,19.52005171,15.6
0,0,19.35316209,15.6
0,0,19.19341343,15.6
0,0,19.0396172,15.6
0,0,18.89131176,15.6
0,70.61491732,18.76209818,15.6
0,109.1631486,18.65944227,15.6
0,147.788338,18.58201115,15.6
0,186.3969082,18.52609522,15.6
0,224.9669454,18.48993586,15.6
0,313.3624091,18.48291153,15.6
0,400.9168509,18.51518478,15.6
0,487.6310031,18.59738919,15.725
0,573.6313862,18.7282108,15.85
0,635.9982277,18.89619661,15.975
0,698.8645649,19.09136141,16.1
0,768.4278381,19.31255803,16.25
0,838.5872168,19.56092022,16.4
0,919.3321418,19.83812641,16.55
0,1000.447613,20.02676527,16.7
0,1081.689678,20.44661676,16.825
0,1162.856838,20.81981396,16.95
0,1195.336429,21.18764284,17.075
0,1227.16312,21.56046199,17.2
0,1258.468304,21.93385324,17.35
0,1289.326599,22.30820593,17.5
0,1375.279296,22.69612456,17.65
0,1461.299497,23.11034072,17.8
0,1547.207651,23.54978149,17.925
0,1632.788064,24.0118362,18.05
0,1636.297176,24.4777179,18.175
0,1638.71485,24.9280571,18.3
0,1639.999796,25.36260476,18.45
0,1640.120281,25.78347673,18.6
0,1614.746899,26.18513524,18.75
0,1587.056918,26.56269353,18.9
0,1597.88753,26.9210806,19
0,1561.00875,27.25740476,19.1
0,1688.371263,27.60457771,19.2
0,1741.59743,27.98085191,19.3
0,1801.546004,28.37247765,19.375
0,1801.448843,28.7648883,19.45
0,1644.456015,29.10823137,19.525
0,1480.101314,29.37373134,19.6
0,1363.142373,29.57051144,19.7
0,1240.600466,29.702072,19.8
0,1129.857965,29.77756431,19.9
0,1022.582885,29.80569261,20
0,919.103177,29.77031339,19.725
0,819.3353024,29.67509501,19.45
0,696.3648303,29.52526896,19.175
0,575.1784528,29.32148685,18.9
0,451.2418734,29.06298975,18.625
0,323.8295956,28.84722149,18.35
0,265.1271962,28.41685041,18.075
0,206.2912108,28.03899047,17.8
0,146.7272824,27.65259105,17.525
0,80.16643081,27.23984709,17.25
0,62.97770415,26.81743524,16.975
0,45.96202941,26.39630957,16.7
0,28.92250608,25.99317386,16.6
0,0,25.60025952,16.5
0,0,25.21063328,16.4
0,0,24.83276168,16.3
0,0,24.4704029,16.225
0,0,24.12256965,16.15
0,0,23.78726821,16.075
0,0,23.46396475,16
0,0,23.15423004,15.975
0,0,22.85690211,15.95
0,0,22.56671216,15.925
0,0,22.29012408,15.9
0,0,22.02585045,15.85
0,0,21.77060849,15.8
0,0,21.52268896,15.75
0,0,21.28184539,15.7
0,0,21.04966107,15.675
0,0,20.82613866,15.65
0,0,20.61041213,15.625
0,0,20.40176874,15.6
0,0,20.19829965,15.55
0,0,19.99968419,15.5
0,0,19.80632642,15.45
0,0,19.6173147,15.4
0,0,19.43614251,15.375
0,0,19.26247908,15.35
0,0,19.09481184,15.325
0,0,18.93228915,15.3
0,0,18.77184735,15.25
0,0,18.61268534,15.2
0,0,18.45523607,15.15
0,0,18.29969425,15.1
0,0,18.14757431,15.075
0,0,17.99884829,15.05
0,0,17.85270449,15.025
0,0,17.7085233,15
0,0,17.56945186,15
0,0,17.43701275,15
0,0,17.31134515,15
0,0,17.19217422,15
0,0,17.0881489,15.15
0,76.39149294,17.01394805,15.3
0,109.4159541,16.97162235,15.45
0,142.0256906,16.95545191,15.6
0,174.3863284,16.96044398,15.725
0,206.5651956,16.98443593,15.85
0,278.2580633,17.03407802,15.975
0,349.6641935,17.11704863,16.1
0,420.6277235,17.23691921,16.25
0,491.1807111,17.39138114,16.4
0,643.4018197,17.59142479,16.55
0,793.5530186,17.8519218,16.7
0,960.3334272,18.07256671,16.975
0,1135.609024,18.57747852,17.25
0,1230.418047,19.07953121,17.525
0,1354.44871,19.61694549,17.8
0,1488.232845,20.21873489,18.075
0,1697.488492,20.67408615,18.35
0,1803.029425,21.56749606,18.625
0,1905.27156,22.34164958,18.9
0,2001.382359,23.08989541,19.175
0,2089.018462,23.84160893,19.45
0,2238.252027,24.60569241,19.725
0,2381.382432,25.39590712,20
0,2516.013179,26.19530111,20
0,2639.950788,27.00131876,20
0,2736.841522,27.81095862,20
0,2801.68579,28.60533112,20
0,2871.730708,29.38300921,20
0,2923.991132,30.14643516,20
0,2867.426587,30.88903567,20
0,2794.122766,31.57596686,20
0,2705.400109,32.18676276,19.85
0,2602.831901,32.51190721,19.7
0,2472.966091,33.17191283,19.55
0,2330.725699,33.55034709,19.4
0,2186.247955,33.84405089,19.4
0,2042.780646,34.09712133,19.4
0,1835.58867,34.26819993,19.4
0,1625.661277,34.33655317,19.4
0,1417.05983,34.30231953,19.275
0,1214.147412,34.17974364,19.15
0,1078.114633,33.994788,19.025
0,954.4270404,33.74773337,18.9
0,873.282998,33.48001771,18.9
0,777.4723018,33.20404953,18.9
0,713.3834371,32.92049261,18.9
0,629.9453008,32.62317204,18.9
0,572.9525724,32.39992884,18.625
0,515.2944935,31.95285983,18.35
0,439.6599587,31.56386537,18.075
0,368.085204,31.15490517,17.8
0,299.8430866,30.710682,17.525
0,224.7742492,30.23829137,17.25
0,169.2683875,29.7424337,16.975
0,115.4045289,29.22931931,16.7
0,0,28.69569439,16.55
0,0,28.15653623,16.4
0,0,27.6318306,16.25
0,0,27.12510153,16.1
0,0,26.64265143,15.975
0,0,26.17936718,15.85
0,0,25.72916067,15.725
0,0,25.29409946,15.6
0,0,24.87091805,15.45
0,0,24.45758394,15.3
0,0,24.0545549,15.15
0,0,23.65805279,15
0,0,23.2684384,14.85
0,0,22.88759292,14.7
0,0,22.51449377,14.55
0,0,22.1484031,14.4
0,0,21.80048181,14.4
0,0,21.47113791,14.4
0,0,21.1508208,14.4
0,0,20.83489914,14.4
0,0,20.5102949,14.275
0,0,20.17685588,14.15
0,0,19.84663091,14.025
0,0,19.52599113,13.9
0,0,19.21468018,13.75
0,0,18.91031547,13.6
0,0,18.61036168,13.45
0,0,18.43776199,13.3
0,0,18.14946793,13.3
0,0,17.942563,13.3
0,0,17.53335949,13.3
0,0,17.23485839,13.3
0,0,16.97205047,13.175
0,0,16.70892562,13.05
0,0,16.44512883,12.925
0,0,16.18692805,12.8
0,0,15.96949562,13.2
0,0,15.79440933,13.6
0,0,15.64942697,14
0,0,15.52029064,14.4
0,0,15.37261971,14.275
0,89.35759681,15.22748676,14.15
0,154.0260707,15.11457332,14.025
0,226.5588688,15.0525684,13.9
0,295.2232654,15.10928961,14.6
0,366.7600591,15.2881397,15.3
0,454.6164067,15.56486771,16
0,530.8702779,15.78108568,16.7
0,609.0497041,16.28942079,17.25
0,688.9879479,16.80292176,17.8
0,754.0356769,17.35299562,18.35
0,829.780353,17.93230772,18.9
0,939.0658622,18.29894451,19.45
0,1101.018555,19.11806676,20
0,1235.980612,19.9229232,20.55
0,1393.698969,20.77687054,21.1
0,1571.848542,21.38311339,21.375
0,1766.657028,22.56953385,21.65
0,1952.359452,23.63655484,21.925
0,2142.172252,24.65649945,22.2
0,2331.338576,25.71479209,23.05
0,2515.481356,26.87150616,23.9
0,2667.448506,28.06815127,24.75
0,2805.232841,28.95238284,25.6
0,2926.380348,30.44638899,25.875
0,3028.944693,31.69842632,26.15
0,3091.502665,32.54730034,26.425
0,3132.492937,33.61379374,26.7
0,3151.455959,35.12793663,27.375
0,3148.139502,36.28577534,28.05
0,3100.315851,37.04728341,28.725
0,3031.045342,38.31799754,29.4
0,2941.220419,39.23800234,29
0,2832.100222,39.73567012,28.6
0,2686.831515,40.58349814,28.2
0,2527.601382,41.11563044,27.8
0,2357.48642,41.35278627,27.925
0,2180.13031,41.87285284,28.05
0,1980.419016,42.15578103,28.175
0,1785.207068,42.32531462,28.3
0,1599.474962,42.38085261,27.625
0,1428.072186,42.31913985,26.95
0,1257.103848,42.15353967,26.275
0,1110.560081,41.88251568,25.6
0,956.2443176,41.65083377,25.025
0,853.8218342,41.19749301,24.45
0,765.2576251,40.77531253,23.875
0,692.1873998,40.3216074,23.3
0,619.8502825,39.84949923,23.025
0,548.4074455,39.3659754,22.75
0,466.6637611,38.8573621,22.475
0,374.0131568,38.31903081,22.2
0,299.740024,37.85995954,21.225
0,229.1813305,37.05461264,20.25
0,165.5694229,36.3264176,19.275
0,110.6659606,35.57547165,18.3
0,0,34.81154901,17.9
0,0,34.05457951,17.5
0,0,33.30957008,17.1
0,0,32.5810164,16.7
0,0,31.88704653,16.55
0,0,31.22564443,16.4
0,0,30.58569683,16.25
0,0,29.96655088,16.1
0,0,29.59558068,16.1
0,0,28.8326333,16.1
0,0,28.46568988,16.1
0,0,28.05580804,16.1
0,0,27.55055927,15.975
0,0,26.79877093,15.85
0,0,26.4986688,15.725
0,0,25.8251228,15.6
0,0,25.31890199,15.45
0,0,24.84512174,15.3
0,0,24.37064998,15.15
0,0,23.90504679,15
0,0,23.45981433,15
0,0,23.03517515,15
0,0,22.62531198,15
0,0,22.22975355,15
0,0,21.83898014,14.85
0,0,21.45532435,14.7
0,0,21.08959994,14.55
0,0,20.74418335,14.4
0,0,20.42643823,14.4
0,0,20.13232194,14.4
0,0,19.85075203,14.4
0,0,19.58312761,14.4
0,0,19.3205026,14.275
0,0,19.05954204,14.15
0,0,18.80149796,14.025
0,0,18.5480023,13.9
0,0,18.31416357,14.025
0,0,18.09859792,14.15
0,0,17.8929545,14.275
0,0,17.68882365,14.4
0,0,17.49801999,14.7
0,90.64096136,17.34663159,15
0,147.0756703,17.25661593,15.3
0,198.9157155,17.2483065,15.6
0,256.9438215,17.3611562,16.425
0,321.2164238,17.59166171,17.25
0,375.5134797,17.80296398,18.075
0,457.5656972,18.27822004,18.9
0,518.0095505,18.77057559,19.725
0,580.1308567,19.3005844,20.55
0,631.1832439,19.87842172,21.375
0,692.1238777,20.25821562,22.2
0,781.8222942,21.04393261,22.35
0,899.6116258,21.74141007,22.5
0,1049.853843,22.43088545,22.65
0,1208.467908,23.14484091,22.8
0,1390.288595,23.87855147,22.925
0,1589.622647,24.63976352,23.05
0,1786.44101,25.42826862,23.175
0,1986.069345,26.26904686,23.3
0,2182.659004,26.92103613,23.875
0,2371.043378,28.11180298,24.45
0,2533.001142,29.15947372,25.025
0,2677.425788,30.20193719,25.6
0,2801.674544,31.23878896,25.725
0,2903.770404,32.25515531,25.85
0,2971.177022,33.2533063,25.975
0,3013.876649,34.22209817,26.1
0,3031.469239,35.15917312,26.25
0,3023.777601,35.76838321,26.4
0,2978.698599,36.86430487,26.55
0,2909.005127,37.4248206,26.7
0,2815.510843,38.06314786,26.55
0,2699.472291,38.97646251,26.4
0,2551.129301,39.53247305,26.25
0,2385.274289,39.76437304,26.1
0,2205.29973,40.3109097,26.375
0,2015.392515,40.63290514,26.65
0,1809.207484,40.84320533,26.925
0,1605.878134,40.99228733,27.2
0,1411.736257,41.03468236,26.8
0,1233.24152,40.96900127,26.4
0,1065.910868,40.81670745,26
0,908.0569191,40.59194988,25.6
0,793.947841,40.33867569,24.475
0,707.6032042,39.84633336,23.35
0,637.4706615,39.36553496,22.225
0,580.8375422,38.83743973,21.1
0,524.6090589,38.28345919,20.4
0,468.9477032,37.71462916,19.7
0,379.2710964,37.26488149,19
0,319.2362983,36.49054367,18.3
0,263.1910166,35.82993539,17.9
0,211.2980014,35.17216944,17.5
0,156.6347754,34.49347883,17.1
0,106.60504,33.79862135,16.7
0,0,33.07986465,16.425
0,0,32.35292887,16.15
0,0,31.63933741,15.875
0,0,30.94508559,15.6
0,0,30.26779303,15.3
0,0,29.60641713,15
0,0,28.96115487,14.7
0,0,28.33092495,14.4
0,0,27.96106724,14.4
0,0,27.20060246,14.4
0,0,26.83900427,14.4
0,0,26.43504759,14.4
0,0,25.93378557,14.275
0,0,25.18807673,14.15
0,0,24.89191471,14.025
0,0,24.22918226,13.9
0,0,23.75392564,13.9
0,0,23.33228138,13.9
0,0,22.91924727,13.9
0,0,22.52178368,13.9
0,0,22.14113054,13.9
0,0,21.7753165,13.9
0,0,21.42305386,13.9
0,0,21.08329601,13.9
0,0,20.7552143,13.9
0,0,20.43856573,13.9
0,0,20.13343297,13.9
0,0,19.83930926,13.9
0,0,19.54279623,13.75
0,0,19.24931014,13.6
0,0,18.96234739,13.45
0,0,18.68087551,13.3
0,0,18.41231152,13.3
0,0,18.15676336,13.3
0,0,17.91126737,13.3
0,0,17.67409534,13.3
0,0,17.44380641,13.3
0,0,17.2185525,13.3
0,0,16.99682467,13.3
0,0,16.77466105,13.3
0,0,16.54623109,13.175
0,86.00164889,16.33402616,13.05
0,143.6954601,16.1674516,12.925
0,203.2915162,16.06912577,12.8
0,264.5314455,16.07263114,13.2
0,327.3257134,16.16725514,13.6
0,398.6439661,16.33231268,14
0,472.8188618,16.56054701,14.4
0,549.2420996,16.75988305,14.975
0,657.1030555,17.22006086,15.55
0,666.092259,17.68551931,16.125
0,696.3463715,18.17216532,16.7
0,786.0298751,18.69552838,17.1
0,897.3099137,19.26226013,17.5
0,1031.520758,19.63158188,17.9
0,1193.723066,20.42682968,18.3
0,1379.595964,21.11825536,18.575
0,1583.349805,21.82008428,18.85
0,1783.424905,22.58386893,19.125
0,1985.562401,23.40606518,19.4
0,2183.896398,24.27660949,19.55
0,2373.290907,24.92411496,19.7
0,2533.577699,26.07265843,19.85
0,2675.506731,27.06191303,20
0,2796.576775,28.03293987,20.275
0,2894.956992,29.01950954,20.55
0,2963.905957,30.00952311,20.825
0,3008.097706,30.99670432,21.1
0,3027.079006,31.97330281,21.65
0,3020.623926,32.91393113,22.2
0,2974.605336,33.51731346,22.75
0,2903.776553,34.59647043,23.3
0,2808.940973,35.3403111,22.9
0,2691.339683,35.66147923,22.5
0,2547.33351,36.38203819,22.1
0,2385.087669,36.78937299,21.7
0,2207.865098,37.06636361,21.55
0,2019.74699,37.28048362,21.4
0,1810.364069,37.41318286,21.25
0,1603.561784,37.4546407,21.1
0,1405.729582,37.41879869,21.1
0,1223.431964,37.31483184,21.1
0,1052.393002,37.14450914,21.1
0,909.9088721,36.91412247,21.1
0,797.8177291,36.62219628,20.825
0,684.7593484,36.38089194,20.55
0,614.1741109,35.92167572,20.275
0,559.7238858,35.53097236,20
0,505.643164,35.13098733,19.725
0,452.0904131,34.70979531,19.45
0,387.8619038,34.27294153,19.175
0,307.2403146,33.8123382,18.9
0,253.0025379,33.31704813,18.475
0,202.926143,32.79139663,18.05
0,148.466787,32.23999509,17.625
0,99.08792586,31.66155482,17.2
0,0,31.06289514,17.075
0,0,30.63451427,16.95
0,0,29.89457745,16.825
0,0,29.29934747,16.7
0,0,28.95881821,16.55
0,0,28.22386854,16.4
0,0,27.86846124,16.25
0,0,27.46954815,16.1
0,0,26.98374028,15.975
0,0,26.26109449,15.85
0,0,25.9792643,15.725
0,0,25.34390222,15.6
0,0,24.88046115,15.45
0,0,24.45929891,15.3
0,0,24.04157491,15.15
0,0,23.6337593,15
0,0,23.24513108,15
0,0,22.87568952,15
0,0,22.52059417,15
0,0,22.179478,15
0,0,21.85289478,15
0,0,21.53933753,15
0,0,21.23592897,15
0,0,20.93980826,15
0,0,20.75286169,14.725
0,0,20.33981931,14.45
0,0,20.00026646,14.175
0,0,19.68599938,13.9
0,0,19.40066657,14.025
0,0,19.13943719,14.15
0,0,18.90327298,14.275
0,0,18.68881058,14.4
0,0,18.47592459,14.275
0,0,18.25976985,14.15
0,0,18.04450527,14.025
0,0,17.83363806,13.9
0,0,17.63502262,13.9
0,0,17.44820834,13.9
0,0,17.26918304,13.9
0,0,17.09518423,13.9
0,0,16.92558828,13.9
0,85.74124133,16.77956243,13.9
0,137.3921894,16.67557244,13.9
0,185.0730297,16.6233138,13.9
0,239.3073551,16.65094354,14.325
0,319.833587,16.75911293,14.75
0,374.2219213,16.92880849,15.175
0,446.5174292,17.14050784,15.6
0,516.812563,17.36608372,15.725
0,584.9899063,17.60189567,15.85
0,605.9076702,17.84733656,15.975
0,677.5199747,18.1109247,16.1
0,745.4125546,18.3031478,16.525
0,866.3319156,18.75605588,16.95
0,1001.549066,19.20479631,17.375
0,1164.617164,19.69769356,17.8
0,1351.225664,20.23540214,17.8
0,1555.674709,20.81633642,17.8
0,1769.230719,21.2498558,17.8
0,1986.665746,22.11344991,17.8
0,2202.095363,22.90865904,17.925
0,2410.249291,23.73004562,18.05
0,2574.959534,24.58870034,18.175
0,2721.225479,25.46448698,18.3
0,2846.507966,26.11388092,18.725
0,2948.921721,27.24206914,19.15
0,3010.148489,28.20350737,19.575
0,3045.903638,29.11988125,20
0,3056.016338,29.7138432,20.15
0,3040.545934,30.79462636,20.3
0,2999.558628,31.37548906,20.45
0,2933.432769,32.0574268,20.6
0,2842.795919,33.04280669,20.3
0,2728.713052,33.64603374,20
0,2548.331192,33.90486724,19.7
0,2408.010462,34.49524884,19.4
0,2226.644099,34.82148935,19.125
0,2056.021167,35.01586087,18.85
0,1868.192301,35.12970057,18.575
0,1684.445831,35.15414476,18.3
0,1509.73244,35.10267803,18.175
0,1348.946979,34.99072187,18.05
0,1182.257352,34.82371491,17.925
0,1019.186995,34.60318312,17.8
0,917.2569271,34.32833913,17.525
0,838.3628652,34.12239981,17.25
0,731.0234136,33.7011848,16.975
0,650.5901625,33.3110653,16.7
0,569.0882951,32.88214232,16.275
0,486.6490967,32.40718066,15.85
0,395.6326364,31.88297838,15.425
0,322.851715,31.32411,15
0,245.9255601,30.76844382,15
0,172.9133819,30.21003467,15
0,128.3514601,29.64258359,15
0,83.84022764,29.07756613,15
0,0,28.49885975,14.85
0,0,27.9167371,14.7
0,0,27.35363315,14.55
0,0,26.81045923,14.4
0,0,26.29648147,14.4
0,0,25.81217121,14.4
0,0,25.34990627,14.4
0,0,24.90838383,14.4
0,0,24.48326619,14.4
0,0,24.07178688,14.4
0,0,23.67374302,14.4
0,0,23.28776431,14.4
0,0,22.90610769,14.275
0,0,22.52780944,14.15
0,0,22.15684325,14.025
0,0,21.79322508,13.9
0,0,21.46252,14.175
0,0,21.16520198,14.45
0,0,20.89010309,14.725
0,0,20.63915231,15
0,0,20.37634215,14.725
0,0,20.09658647,14.45
0,0,19.81151524,14.175
0,0,19.52935149,13.9
0,0,19.25795445,13.75
0,0,18.99531207,13.6
0,0,18.73675743,13.45
0,0,18.47994071,13.3
0,0,18.23506091,13.3
0,0,18.00374671,13.3
0,0,17.78266463,13.3
0,0,17.56920989,13.3
0,0,17.36164957,13.3
0,0,17.15863771,13.3
0,0,16.95858892,13.3
0,0,16.75951949,13.3
0,0,16.54792839,13.025
0,0,16.32394477,12.75
0,0,16.09498473,12.475
0,0,15.86693599,12.2
0,0,15.67272595,12.475
0,71.6576117,15.52953226,12.75
0,121.9407164,15.44139306,13.025
0,187.8327093,15.41600735,13.3
0,246.774342,15.48351499,13.875
0,310.6199579,15.64663999,14.45
0,368.5091621,15.88975302,15.025
0,429.7773854,16.08199892,15.6
0,494.0648246,16.51723298,16
0,591.2629343,16.94274001,16.4
0,643.037602,17.38598717,16.8
0,716.4525648,17.85086873,17.2
0,816.8301074,18.32300897,17.475
0,947.080136,18.82028667,17.75
0,1094.156857,19.36622212,18.025
0,1268.204547,19.74076507,18.3
0,1464.568485,20.58703754,18.45
0,1665.818175,21.37819564,18.6
0,1868.497917,22.19261909,18.75
0,2072.700517,23.07435448,18.9
0,2272.863905,23.75545064,19.325
0,2464.11665,24.98373042,19.75
0,2629.915442,26.06734872,20.175
0,2778.36803,27.13646974,20.6
0,2906.958762,28.21316361,20.875
0,3013.776117,29.28669255,21.15
0,3076.181119,30.34877866,21.425
0,3113.931313,31.38732506,21.7
0,3126.817755,32.36076861,21.7
0,3114.815598,32.96560258,21.7
0,3068.693487,34.02170201,21.7
0,2998.333138,34.7944792,21.7
0,2904.455888,35.4647395,21.825
0,2788.180671,35.82799289,21.95
0,2640.426392,36.56536173,22.075
0,2474.947299,37.02413738,22.2
0,2294.874233,37.34330633,21.925
0,2104.101671,37.57264056,21.65
0,1892.462771,37.71499095,21.375
0,1682.738429,37.75503065,21.1
0,1486.289841,37.68123473,20.55
0,1292.713166,37.50519739,20
0,1114.998263,37.23825012,19.45
0,961.877748,36.98215149,18.9
0,872.7793649,36.5049533,18.475
0,781.8140323,36.07085935,18.05
0,694.7453451,35.58213783,17.625
0,624.1624094,35.05554975,17.2
0,568.1631978,34.52021623,16.8
0,513.5400503,33.968949,16.4
0,432.1881623,33.39452187,16
0,348.9292928,32.79428324,15.6
0,273.9233161,32.35774557,15.45
0,181.6564827,31.60285839,15.3
0,131.1101935,30.96806609,15.15
0,83.67420328,30.34680848,15
0,0,29.72143072,15
0,0,29.10687097,15
0,0,28.73394715,15
0,0,27.97729533,15
0,0,27.61824155,15
0,0,27.21949168,15
0,0,26.73669272,15
0,0,26.0305099,15
0,0,25.75101661,14.85
0,0,25.12207422,14.7
0,0,24.66151575,14.55
0,0,24.24240063,14.4
0,0,23.83604614,14.4
0,0,23.45005118,14.4
0,0,23.0788869,14.4
0,0,22.7230697,14.4
0,0,22.37074085,14.275
0,0,22.01829301,14.15
0,0,21.67284394,14.025
0,0,21.33537356,13.9
0,0,21.0024563,13.75
0,0,20.67597945,13.6
0,0,20.35801994,13.45
0,0,20.04699474,13.3
0,0,19.7511127,13.3
0,0,19.46689801,13.3
0,0,19.19954051,13.3
0,0,18.94645351,13.3
0,0,18.69537988,13.175
0,0,18.44359651,13.05
0,0,18.19287484,12.925
0,0,17.94571134,12.8
0,0,17.70019779,12.65
0,0,17.45498359,12.5
0,0,17.20963408,12.35
0,0,16.96374879,12.2
0,0,16.71778302,12.075
0,0,16.47077229,11.95
0,0,16.22127543,11.825
0,0,15.96681713,11.7
0,0,15.7343921,11.975
0,60.26740082,15.54201424,12.25
0,130.1359815,15.40033453,12.525
0,198.1064948,15.32063958,12.8
0,269.5182021,15.33061609,13.35
0,357.806265,15.43882054,13.9
0,427.686229,15.63530295,14.45
0,500.572433,15.90715715,15
0,575.6979807,16.11564495,15.425
0,652.9051659,16.58127531,15.85
0,716.6821077,17.0041633,16.275
0,845.2813501,17.4282395,16.7
0,965.2759616,17.89023313,17.1
0,1111.492939,18.40390264,17.5
0,1253.04604,18.97314192,17.9
0,1415.389633,19.37424541,18.3
0,1594.55215,20.21005618,18.575
0,1785.711455,20.97418109,18.85
0,1971.556961,21.76189594,19.125
0,2153.558116,22.60091526,19.4
0,2327.397211,23.47221349,19.4
0,2489.526684,24.36521998,19.4
0,2656.266548,25.01426883,19.4
0,2813.177903,26.15756191,19.4
0,2957.244784,27.14795429,19.55
0,3085.75462,28.12478326,19.7
0,3157.791098,29.10541715,19.85
0,3208.292127,30.07164414,20
0,3236.586825,31.01158835,20.15
0,3242.193477,31.92171217,20.3
0,3206.416229,32.52455784,20.45
0,3147.978134,33.57806091,20.6
0,3067.312219,34.3435664,20.6
0,2965.203204,34.98858477,20.6
0,2818.599822,35.31980402,20.6
0,2655.975582,35.97441891,20.6
0,2480.157538,36.34841104,20.6
0,2294.58818,36.6138334,20.6
0,2076.663447,36.82993988,20.6
0,1862.563409,36.98759137,20.6
0,1657.494379,37.04626118,20.3
0,1466.664805,37.00527824,20
0,1259.368504,36.86648933,19.7
0,1084.737647,36.63527203,19.4
0,908.8514978,36.41226292,19.275
0,792.3940814,35.98984287,19.15
0,696.3832163,35.60288074,19.025
0,634.8395794,35.20060322,18.9
0,573.3206846,34.77489375,18.625
0,511.9257372,34.33338613,18.35
0,431.1125042,33.87534094,18.075
0,340.4969068,33.39138748,17.8
0,268.0620185,32.87419215,17.375
0,192.6026862,32.31725177,16.95
0,141.6652436,31.72827678,16.525
0,90.68593333,31.29022326,16.1
0,0,30.52472222,15.975
0,0,29.88383936,15.85
0,0,29.26915598,15.725
0,0,28.8920674,15.6
0,0,28.35570891,15.45
0,0,27.55853062,15.3
0,0,26.98430848,15.15
0,0,26.67208054,15
0,0,25.97456183,14.85
0,0,25.44838404,14.7
0,0,24.9812302,14.55
0,0,24.51665278,14.4
0,0,24.05428552,14.125
0,0,23.59576627,13.85
0,0,23.14451519,13.575
0,0,22.69845807,13.3
0,0,22.28764828,13.575
0,0,21.91779359,13.85
0,0,21.57498356,14.125
0,0,21.26009885,14.4
0,0,20.93880769,14.125
0,0,20.60310811,13.85
0,0,20.27144447,13.575
0,0,19.94493558,13.3
0,0,19.63751641,13.3
0,0,19.34927389,13.3
0,0,19.07094942,13.3
0,0,18.80573154,13.3
0,0,18.55408181,13.3
0,0,18.31348441,13.3
0,0,18.0814535,13.3
0,0,17.85672382,13.3
0,0,17.63790508,13.3
0,0,17.42591412,13.3
0,0,17.22156862,13.3
0,0,17.02494793,13.3
0,0,16.84586372,13.45
0,0,16.68556478,13.6
0,0,16.54079021,13.75
0,0,16.40892261,13.9
0,0,16.26181249,13.625
0,54.4526159,16.10538219,13.35
0,122.896414,15.96255592,13.075
0,190.89115,15.85054695,12.8
0,259.6490999,15.81307268,13.2
0,328.9206096,15.85051927,13.6
0,409.3874561,15.94749838,14
0,493.7442132,16.09848871,14.4
0,571.3760608,16.31602794,14.975
0,667.9600494,16.61057529,15.55
0,754.3298037,16.84928447,16.125
0,881.4975176,17.40713277,16.7
0,1027.046102,17.78004951,17.1
0,1197.075459,18.58568482,17.5
0,1356.365211,19.33849211,17.9
0,1537.223408,20.09762256,18.3
0,1737.211341,20.89678787,18.725
0,1952.765638,21.74772083,19.15
0,2152.392044,22.37882393,19.575
0,2365.560524,23.56192308,20
0,2561.199874,24.60602692,20.15
0,2750.861396,25.64251152,20.3
0,2902.134799,26.71240078,20.45
0,3039.689289,27.79881198,20.6
0,3161.378084,28.89307328,20.875
0,3265.45117,29.9886359,21.15
0,3327.297647,31.07049788,21.425
0,3368.517221,32.1320841,21.7
0,3388.67261,33.18782576,22.525
0,3387.469812,34.22580515,23.35
0,3334.924167,35.22989005,24.175
0,3261.924434,36.19474316,25
0,3169.332033,36.76341323,24.725
0,3058.28748,37.73895317,24.45
0,2874.078885,38.38152926,24.175
0,2680.612837,38.6450053,23.9
0,2481.334093,39.22604692,23.75
0,2266.58283,39.52176475,23.6
0,2071.413102,39.68611757,23.45
0,1879.890509,39.78026285,23.3
0,1696.065083,39.79990135,23.175
0,1523.890417,39.74170963,23.05
0,1335.955197,39.60598467,22.925
0,1171.937455,39.38112594,22.8
0,1031.39473,39.11480433,22.65
0,911.5792621,38.90148897,22.5
0,776.8930972,38.47098513,22.35
0,697.4693769,38.07962503,22.2
0,619.8396555,37.66479487,21.925
0,542.5874007,37.21722861,21.65
0,447.4828283,36.74284393,21.375
0,345.1772581,36.22305737,21.1
0,256.0187739,35.66260601,20.55
0,163.034677,35.22034243,20
0,119.9453746,34.44892835,19.45
0,76.50717753,33.78267764,18.9
0,0,33.11845355,18.475
0,0,32.45170273,18.05
0,0,31.79584923,17.625
0,0,31.15107154,17.2
0,0,30.52534202,16.925
0,0,29.91775646,16.65
0,0,29.54212565,16.375
0,0,29.01066307,16.1
0,0,28.21955157,15.825
0,0,27.64307421,15.55
0,0,27.31981181,15.275
0,0,26.59970122,15
0,0,26.25356889,14.85
0,0,25.86523306,14.7
0,0,25.13996318,14.55
0,0,24.62333525,14.4
0,0,24.18209128,14.275
0,0,23.74029358,14.15
0,0,23.30813684,14.025
0,0,22.88900367,13.9
0,0,22.48855745,13.9
0,0,22.10714759,13.9
0,0,21.73978357,13.9
0,0,21.38556924,13.9
0,0,21.03455665,13.75
0,0,20.68458779,13.6
0,0,20.34074968,13.45
0,0,20.00300853,13.3
0,0,19.68863084,13.45
0,0,19.39627672,13.6
0,0,19.11411542,13.75
0,0,18.84101743,13.9
0,0,18.56005934,13.75
0,0,18.27018685,13.6
0,0,17.98135393,13.45
0,0,17.70224391,13.3
0,0,17.45357225,13.45
0,0,17.23466218,13.6
0,0,17.03545425,13.75
0,0,16.84669469,13.9
0,0,16.66444644,14.025
0,75.96233678,16.50413733,14.15
0,132.8663456,16.38628713,14.275
0,198.7209741,16.33363409,14.4
0,261.59858,16.40273823,15.25
0,328.6984481,16.59674647,16.1
0,418.6029514,16.89423943,16.95
0,507.0331242,17.1233192,17.8
0,593.4233275,17.64567554,18.35
0,677.6773387,18.15292757,18.9
0,730.4898976,18.68978322,19.45
0,819.6952258,19.2613044,20
0,928.6367567,19.85361366,20.275
0,1097.554553,20.23979468,20.55
0,1232.147519,21.06650407,20.825
0,1402.10051,21.82361332,21.1
0,1566.384282,22.56539848,21.25
0,1718.638554,23.3231909,21.4
0,1915.230352,24.12609616,21.55
0,2130.538387,25.01522253,21.7
0,2376.118881,25.70883757,22.1
0,2614.755698,26.98508143,22.5
0,2703.948269,27.76926571,22.9
0,2767.678137,28.71206027,23.3
0,2811.015248,29.71563781,24.15
0,2829.729799,31.14045367,25
0,2793.097296,31.85116682,25.85
0,2739.075072,33.10706887,26.7
0,2669.118673,34.02046365,26.55
0,2584.813448,34.51963951,26.4
0,2522.283213,35.42451088,26.25
0,2449.835691,36.06300283,26.1
0,2300.314585,36.39271,26.65
0,2221.029965,37.13404102,27.2
0,2356.100176,37.52540489,27.75
0,2373.214667,38.27701357,28.3
0,2357.448432,38.87074807,28.45
0,2260.329402,39.17844014,28.6
0,2019.696755,39.79915457,28.75
0,1781.90453,40.13175498,28.9
0,1547.722623,40.23746774,27.65
0,1321.394893,40.17552306,26.4
0,1151.370518,39.98423237,25.15
0,980.94674,39.75023631,23.9
0,857.9160199,39.33100936,23.2
0,761.865576,38.93288962,22.5
0,644.475222,38.48187394,21.8
0,560.8545167,37.98067459,21.1
0,479.8097204,37.4827842,20.975
0,420.5163473,36.99402182,20.85
0,339.5665123,36.49265258,20.725
0,287.40039,35.9821349,20.6
0,240.2121257,35.46425033,20.45
0,197.983314,34.93676838,20.3
0,131.2104346,34.39362162,20.15
0,83.36779084,33.8345725,20
0,0,33.37248647,19.175
0,0,32.5599478,18.35
0,0,31.85764893,17.525
0,0,31.16757123,16.7
0,0,30.49830997,16.275
0,0,29.85198732,15.85
0,0,29.21441869,15.425
0,0,28.58662811,15
0,0,27.97724031,14.725
0,0,27.60513242,14.45
0,0,27.07681781,14.175
0,0,26.2874458,13.9
0,0,25.71127731,13.625
0,0,25.38987577,13.35
0,0,24.67142069,13.075
0,0,24.31927604,12.8
0,0,23.9387949,12.8
0,0,23.23008033,12.8
0,0,22.73529377,12.8
0,0,22.31777403,12.8
0,0,21.89208171,12.65
0,0,21.46830637,12.5
0,0,21.05666347,12.35
0,0,20.65546653,12.2
0,0,20.26547382,12.075
0,0,19.88660049,11.95
0,0,19.51677537,11.825
0,0,19.1548566,11.7
0,0,18.80759427,11.7
0,0,18.47631745,11.7
0,0,18.15729529,11.7
0,0,17.85043761,11.7
0,0,17.56349739,11.825
0,0,17.29364254,11.95
0,0,17.04426301,12.075
0,0,16.81381978,12.2
0,0,16.60254524,12.35
0,0,16.40897552,12.5
0,0,16.23151977,12.65
0,0,16.06981284,12.8
0,0,15.90062392,12.65
0,55.68447379,15.73111504,12.5
0,118.7753042,15.58258118,12.35
0,179.7075499,15.47141451,12.2
0,243.4745693,15.44739547,12.75
0,322.5396118,15.51683141,13.3
0,389.0986767,15.66622476,13.85
0,459.4023552,15.88800635,14.4
0,532.7515844,16.17731833,14.825
0,608.9801151,16.40207096,15.25
0,699.1684857,16.91749381,15.675
0,795.3847296,17.42582294,16.1
0,917.3386494,17.95747057,16.1
0,1072.13996,18.54505633,16.1
0,1228.882604,18.97049217,16.1
0,1408.245149,19.85463671,16.1
0,1605.477483,20.42130872,16.8
0,1815.1039,21.1637561,17.5
0,2050.746824,22.01677727,18.2
0,2282.911628,23.32943534,18.9
0,2516.70146,24.35691326,19.325
0,2745.087721,25.38413771,19.75
0,2913.493759,26.46730423,20.175
0,3064.511447,27.5936307,20.6
0,3195.862681,28.72168335,20.6
0,3305.774346,29.83580685,20.6
0,3357.408535,30.92258521,20.6
0,3384.353793,31.9595852,20.6
0,3386.728729,32.95329202,20.875
0,3364.824764,33.89364598,21.15
0,3321.362589,34.79638764,21.425
0,3254.144751,35.41177743,21.7
0,3163.716078,36.48544301,22.1
0,3050.960389,37.07504193,22.5
0,2900.053919,37.74788763,22.9
0,2731.441215,38.70998579,23.3
0,2547.910797,39.30224711,23.45
0,2352.935922,39.56110236,23.6
0,2130.242737,40.10955414,23.75
0,1899.838021,40.36426135,23.9
0,1677.608967,40.43039788,23.35
0,1469.375261,40.37144,22.8
0,1263.41706,40.20422151,22.25
0,1085.153163,39.9382197,21.7
0,936.7017234,39.71449354,21.7
0,817.2770336,39.29066408,21.7
0,706.3916984,38.90820323,21.7
0,631.6303457,38.50396684,21.7
0,565.999017,38.04193889,21.125
0,501.0594096,37.5299013,20.55
0,395.4335015,36.9765921,19.975
0,322.881336,36.37955379,19.4
0,254.3709009,35.93043429,19
0,181.3270023,35.15398192,18.6
0,132.1471203,34.48824447,18.2
0,83.78695128,33.82619253,17.8
0,0,33.12986317,17.375
0,0,32.41458754,16.95
0,0,31.70550289,16.525
0,0,31.00801106,16.1
0,0,30.34851189,15.975
0,0,29.72537493,15.85
0,0,29.12351265,15.725
0,0,28.75895081,15.6
0,0,28.23645316,15.45
0,0,27.45512499,15.3
0,0,26.88626437,15.15
0,0,26.57501192,15
0,0,25.87483849,14.85
0,0,25.5385783,14.7
0,0,25.16269728,14.55
0,0,24.45798147,14.4
0,0,23.96921149,14.4
0,0,23.56721669,14.4
0,0,23.16790277,14.4
0,0,22.78025976,14.4
0,0,22.40079964,14.275
0,0,22.02633069,14.15
0,0,21.66111615,14.025
0,0,21.3056831,13.9
0,0,20.94952438,13.625
0,0,20.5904392,13.35
0,0,20.2335866,13.075
0,0,19.87811655,12.8
0,0,19.54720889,12.925
0,0,19.24562153,13.05
0,0,18.96106824,13.175
0,0,18.68801625,13.3
0,0,18.42597529,13.3
0,0,18.17498279,13.3
0,0,17.93416195,13.3
0,0,17.70220473,13.3
0,0,17.46179589,13.025
0,0,17.21102908,12.75
0,0,16.95595703,12.475
0,0,16.70086174,12.2
0,0,16.4800756,12.475
0,76.03432912,16.31413196,12.75
0,118.2175572,16.20555135,13.025
0,173.9226472,16.15549861,13.3
0,222.8485981,16.16218622,13.575
0,277.5260515,16.22179665,13.85
0,362.4455941,16.33442497,14.125
0,444.2154436,16.49590069,14.4
0,522.6082991,16.70068643,14.7
0,570.0172516,16.9360305,15
0,624.2329887,17.19448029,15.3
0,685.8555763,17.48288177,15.6
0,804.5441072,17.71001232,16.275
0,957.5889651,18.2541997,16.95
0,1129.042324,18.62332556,17.625
0,1328.358452,19.41971853,18.3
0,1549.652345,20.15579714,18.3
0,1786.214141,20.90809512,18.3
0,2011.913723,21.72165061,18.3
0,2236.343,22.58319229,18.3
0,2453.839821,23.25402501,18.725
0,2659.569948,24.46366684,19.15
0,2836.644702,25.55105212,19.575
0,2993.53646,26.64770667,20
0,3127.918116,27.77799972,20.425
0,3238.044637,28.92235051,20.85
0,3311.482266,30.06285433,21.275
0,3358.340128,31.18447616,21.7
0,3378.181104,32.26388647,21.975
0,3370.766735,33.28616227,22.25
0,3318.165512,34.24468909,22.525
0,3239.017771,35.15620764,22.8
0,3134.122939,35.73224029,22.925
0,3004.655636,36.72354585,23.05
0,2838.896426,37.44340533,23.175
0,2653.672461,38.08116309,23.3
0,2452.168142,38.42833772,23.45
0,2238.333693,39.11045267,23.6
0,2009.625091,39.4953844,23.75
0,1780.053328,39.73388314,23.9
0,1556.077676,39.86691542,23.75
0,1344.672113,39.89083698,23.6
0,1138.303877,39.81332543,23.45
0,961.2022671,39.65224941,23.3
0,817.227022,39.41617376,23.025
0,706.9754717,39.12025001,22.75
0,587.7896136,38.87356927,22.475
0,524.7718274,38.40046271,22.2
0,470.6614504,37.96457922,21.65
0,417.3217075,37.48526665,21.1
0,351.843174,36.95917135,20.55
0,290.9894504,36.39293944,20
0,218.4223465,35.93913747,19.3
0,169.1037938,35.15152181,18.6
0,119.3118605,34.46089397,17.9
0,74.2082312,33.75832402,17.2
0,0,33.04598583,16.925
0,0,32.33749112,16.65
0,0,31.63898569,16.375
0,0,30.96449218,16.1
0,0,30.32402689,16.1
0,0,29.71312923,16.1
0,0,29.34604073,16.1
0,0,28.58656485,16.1
0,0,28.21614404,15.975
0,0,27.80055133,15.85
0,0,27.29347213,15.725
0,0,26.54010064,15.6
0,0,26.25050444,15.6
0,0,25.5999604,15.6
0,0,25.1326489,15.6
0,0,24.71228647,15.6
0,0,24.2901007,15.45
0,0,23.87089126,15.3
0,0,23.45773086,15.15
0,0,23.04775505,15
0,0,22.64762001,15
0,0,22.25925308,15
0,0,21.88054825,15
0,0,21.51332372,15
0,0,21.14957289,14.85
0,0,20.78780758,14.7
0,0,20.43346577,14.55
0,0,20.08676867,14.4
0,0,19.74874597,14.275
0,0,19.41950564,14.15
0,0,19.0976653,14.025
0,0,18.78276708,13.9
0,0,18.47509267,13.75
0,0,18.17491375,13.6
0,0,17.88430635,13.45
0,0,17.60211868,13.3
0,0,17.34331801,13.3
0,0,17.10907182,13.3
0,0,16.89266547,13.3
0,0,16.68828748,13.3
0,0,16.50259361,13.45
0,64.13343287,16.34896922,13.6
0,127.0369777,16.23854066,13.75
0,187.0043724,16.17866791,13.9
0,262.0110145,16.19354846,14.325
0,330.9793703,16.28678596,14.75
0,397.5093457,16.44781105,15.175
0,467.3724036,16.66612817,15.6
0,539.8467271,16.93760442,16
0,644.7216005,17.13190121,16.4
0,721.6499477,17.57390678,16.8
0,829.9152843,17.98540984,17.2
0,964.2917975,18.4222212,17.625
0,1129.302772,18.92549022,18.05
0,1307.326991,19.50944618,18.475
0,1511.153839,19.95590043,18.9
0,1736.497445,20.89173157,19.325
0,1978.142792,21.49716311,19.75
0,2198.356597,22.6754397,20.175
0,2417.712945,23.7538236,20.6
0,2631.352054,24.82495185,20.6
0,2835.047706,25.91881116,20.6
0,2974.060589,27.01359741,20.6
0,3121.751544,28.0929805,20.6
0,3249.597662,29.17825218,20.875
0,3356.046384,30.26806616,21.15
0,3424.025266,31.35400785,21.425
0,3468.440145,32.4384357,21.7
0,3488.860373,33.47356431,21.7
0,3484.998351,34.44691228,21.7
0,3435.466267,35.35936441,21.7
0,3362.228708,35.94297042,21.7
0,3265.951059,36.95292452,21.975
0,3147.608013,37.69833486,22.25
0,2983.166711,38.34469987,22.525
0,2828.506724,38.70786264,22.8
0,2628.791785,39.39224935,22.65
0,2419.201938,39.76718977,22.5
0,2187.855985,40.0031976,22.35
0,1957.551092,40.15211822,22.2
0,1733.750885,40.18329214,21.8
0,1522.194853,40.09615195,21.4
0,1308.447427,39.90537399,21
0,1122.226453,39.62640328,20.6
0,965.8576494,39.36362477,20.175
0,838.9796481,38.86003017,19.75
0,721.3515331,38.38468297,19.325
0,637.1449132,37.87016529,18.9
0,539.9247614,37.3137305,18.475
0,473.8285155,36.72939102,18.05
0,394.4488634,36.27822067,17.625
0,319.7448531,35.50219981,17.2
0,237.9785208,34.83147883,16.925
0,173.4025708,34.15567441,16.65
0,126.5558842,33.46442974,16.375
0,79.60503054,32.76780185,16.1
0,0,32.06489834,15.975
0,0,31.36809275,15.85
0,0,30.69080067,15.725
0,0,30.03647306,15.6
0,0,29.41314823,15.6
0,0,29.04201415,15.6
0,0,28.27748219,15.6
0,0,27.91225866,15.6
0,0,27.49611121,15.45
0,0,26.98651175,15.3
0,0,26.22998228,15.15
0,0,25.92984944,15
0,0,25.2677057,15
0,0,24.79674374,15
0,0,24.37466464,15
0,0,23.96107818,15
0,0,23.56364884,15
0,0,23.18286554,15
0,0,22.81695063,15
0,0,22.46522672,15
0,0,22.12832377,15
0,0,21.80647687,15
0,0,21.49914438,15
0,0,21.20554037,15
0,0,20.92344633,15
0,0,20.65992976,15
0,0,20.41504299,15
0,0,20.18549915,15
0,0,19.96615278,15
0,0,19.75561485,15
0,0,19.55438932,15
0,0,19.36276444,15
0,0,19.17782979,15
0,0,18.99720486,15
0,0,18.81950308,15
0,0,18.64381262,15
0,0,18.47155193,15
0,0,18.30373282,15
0,0,18.14086644,15
0,0,17.98330776,15
0,0,17.82343558,14.85
0,35.66778758,17.66725548,14.7
0,89.06550021,17.52809393,14.55
0,143.4793905,17.41537429,14.4
0,198.3499561,17.35900299,14.7
0,258.9812703,17.36109254,15
0,321.6644274,17.41081682,15.3
0,388.9887551,17.50071993,15.6
0,456.3285749,17.62670277,15.875
0,523.1877959,17.78858061,16.15
0,628.1435911,17.99460453,16.425
0,764.4162356,18.26144967,16.7
0,902.3306577,18.49629408,17.1
0,1089.322809,19.03997921,17.5
0,1217.292895,19.41111236,17.9
0,1444.343058,20.20900296,18.3
0,1710.05499,20.99986761,18.575
0,1994.41125,21.87092074,18.85
0,2210.151914,22.54846955,19.125
0,2432.895176,23.78411718,19.4
0,2657.758783,24.88507402,19.7
0,2880.043511,25.98320343,20
0,3022.244137,27.09091349,20.3
0,3173.926924,28.17863155,20.6
0,3305.769554,29.25135452,20.725
0,3416.165996,30.31835524,20.85
0,3476.494889,31.37041187,20.975
0,3512.697953,32.39182477,21.1
0,3524.621492,33.37126977,21.1
0,3512.253636,34.30568258,21.1
0,3459.880474,34.92337445,21.1
0,3383.949994,35.98801,21.1
0,3285.159546,36.77387675,21.1
0,3164.502367,37.46045988,21.1
0,3006.426189,38.07409957,21.1
0,2857.905518,38.40136478,21.1
0,2662.550226,39.02237866,21.1
0,2456.004782,39.3490567,21.1
0,2220.784902,39.53062664,21.1
0,1986.519765,39.6140065,21.1
0,1758.666925,39.60364116,20.825
0,1542.973167,39.48260273,20.55
0,1323.658603,39.25693856,20.275
0,1132.060719,39.02178875,20
0,970.6540155,38.57783616,19.725
0,839.2937863,38.15377016,19.45
0,719.1461451,37.6916558,19.175
0,630.7593044,37.18267326,18.9
0,533.6585637,36.64890814,18.625
0,467.6457318,36.1009282,18.35
0,388.9245414,35.53152768,18.075
0,313.9839298,34.93755868,17.8
0,232.6242766,34.48424971,17.525
0,168.3687416,33.70128962,17.25
0,122.7117839,33.03213339,16.975
0,76.71408372,32.37066557,16.7
0,0,31.70210595,16.55
0,0,31.04159353,16.4
0,0,30.40003248,16.25
0,0,29.77950795,16.1
0,0,29.1801946,15.975
0,0,28.81726189,15.85
0,0,28.06745325,15.725
0,0,27.70324115,15.6
0,0,27.30136548,15.6
0,0,26.81392271,15.6
0,0,26.09653961,15.6
0,0,25.82258422,15.6
0,0,25.1928851,15.45
0,0,24.72745996,15.3
0,0,24.30514825,15.15
0,0,23.88769891,15
0,0,23.4812634,14.85
0,0,23.08613171,14.7
0,0,22.69958671,14.55
0,0,22.31994748,14.4
0,0,21.95653568,14.4
0,0,21.61107858,14.4
0,0,21.27811368,14.4
0,0,20.95733106,14.4
0,0,20.64111281,14.275
0,0,20.32732079,14.15
0,0,20.01961411,14.025
0,0,19.71766544,13.9
0,0,19.41921508,13.75
0,0,19.12096495,13.6
0,0,18.83184524,13.45
0,0,18.5544366,13.3
0,0,18.30491077,13.45
0,0,18.08163845,13.6
0,0,17.87547927,13.75
0,0,17.68054159,13.9
0,0,17.47865149,13.75
0,0,17.26924119,13.6
0,0,17.06013445,13.45
0,0,16.85686952,13.3
0,0,16.68183019,13.45
0,35.49942838,16.54374007,13.6
0,83.59169585,16.44347778,13.75
0,131.261723,16.37979994,13.9
0,179.05884,16.35590066,14.175
0,226.815775,16.37003445,14.45
0,294.934923,16.421405,14.725
0,362.35595,16.51000479,15
0,429.9582761,16.61844891,15
0,497.2398089,16.74327031,15
0,575.1879849,16.89133789,15
0,658.9554546,17.06978736,15
0,747.4926398,17.29145858,15.15
0,841.4986112,17.55388249,15.3
0,1004.652582,17.75475566,15.45
0,1158.595595,18.21709916,15.6
0,1377.202925,18.68502841,15.6
0,1585.023385,19.21185305,15.6
0,1707.721166,19.79224357,15.6
0,1751.858791,20.3788395,15.6
0,1821.602156,20.97080968,15.875
0,1802.273703,21.55962693,16.15
0,2217.717405,22.02357281,16.425
0,2541.949845,22.96396547,16.7
0,2972.7206,23.65671052,17.1
0,3340.628383,24.94213517,17.5
0,3400.696335,25.76647924,17.9
0,3430.761916,26.73767382,18.3
0,3391.258425,27.72395648,18.3
0,3295.521581,28.63757103,18.3
0,3205.4685,29.91004622,18.3
0,3094.336939,30.73209039,18.3
0,3032.490647,31.21799902,18.3
0,2883.415832,32.0560044,18.3
0,2772.781919,32.64303069,18.3
0,2590.895074,32.91394154,18.3
0,2439.822731,33.50224676,18.3
0,2265.934988,33.84569571,18.3
0,2047.586556,34.06753592,18.3
0,1821.999377,34.21155314,18.3
0,1595.133986,34.26023255,18.175
0,1373.858784,34.19163336,18.05
0,1176.934082,34.03936716,17.925
0,1022.154839,33.8332903,17.8
0,880.6523925,33.57952477,17.65
0,796.5253015,33.28883876,17.5
0,675.4402655,33.06072797,17.35
0,586.6950673,32.60858369,17.2
0,497.0111378,32.18927782,16.8
0,437.7321824,31.73522355,16.4
0,362.4941188,31.25824318,16
0,279.336684,30.74838628,15.6
0,214.076001,30.20537458,15.3
0,142.1513587,29.62815965,15
0,103.0089866,29.03323532,14.7
0,62.77370927,28.43819435,14.4
0,0,27.85245053,14.4
0,0,27.28595876,14.4
0,0,26.74219362,14.4
0,0,26.22229757,14.4
0,0,25.73511007,14.4
0,0,25.27322751,14.4
0,0,24.82869815,14.4
0,0,24.40421389,14.4
0,0,23.99688646,14.4
0,0,23.60516584,14.4
0,0,23.23030997,14.4
0,0,22.87197349,14.4
0,0,22.51678528,14.275
0,0,22.16792569,14.15
0,0,21.8331922,14.025
0,0,21.50930314,13.9
0,0,21.19870569,13.9
0,0,20.90064312,13.9
0,0,20.6097781,13.9
0,0,20.3350516,13.9
0,0,20.07509237,13.9
0,0,19.82326773,13.9
0,0,19.57987611,13.9
0,0,19.34627769,13.9
0,0,19.12302788,13.9
0,0,18.90935486,13.9
0,0,18.70416531,13.9
0,0,18.50670074,13.9
0,0,18.31652106,13.9
0,0,18.13342779,13.9
0,0,17.95726984,13.9
0,0,17.78780924,13.9
0,0,17.61518895,13.75
0,0,17.43789091,13.6
0,0,17.25997776,13.45
0,0,17.08321528,13.3
0,0,16.91725985,13.3
0,0,16.76228452,13.3
0,0,16.61512194,13.3
0,0,16.47334053,13.3
0,0,16.33574669,13.3
0,31.73488124,16.20858518,13.3
0,96.70565304,16.10512545,13.3
0,162.6588807,16.03544012,13.3
0,228.9588567,16.0023081,13.3
0,295.3116677,16.00362542,13.3
0,341.539111,16.03203917,13.3
0,387.0655797,16.08074206,13.3
0,432.9444994,16.15564813,13.45
0,478.6598439,16.25710432,13.6
0,489.8805004,16.37494901,13.75
0,499.1234466,16.50068534,13.9
0,507.0163861,16.61981164,13.9
0,514.064816,16.72813718,13.9
0,597.6929887,16.8448614,13.9
0,682.330717,16.98880662,13.9
0,767.9068308,17.17502754,14.025
0,854.3315487,17.40433179,14.15
0,961.3414766,17.67653926,14.275
0,1069.399967,17.87729286,14.4
0,1178.385164,18.33286108,14.7
0,1288.155704,18.7702299,15
0,1503.268432,19.25580452,15.3
0,1669.432868,19.81770064,15.6
0,1840.950245,20.23857361,15.875
0,2094.872403,21.07495053,16.15
0,2239.684905,21.8384177,16.425
0,2382.42799,22.60398352,16.7
0,2519.90978,23.38314406,16.7
0,2717.93414,24.18979872,16.7
0,2701.89433,24.99498579,16.7
0,2674.400559,25.75351375,16.7
0,2634.595239,26.48166056,16.975
0,2581.758189,27.17762019,17.25
0,2665.87992,27.88397885,17.525
0,2648.578529,28.59156122,17.8
0,2581.848042,29.24736884,17.925
0,2491.212689,29.59460988,18.05
0,2161.988565,30.26339629,18.175
0,1891.534707,30.60472072,18.3
0,1655.97989,30.77404651,18.025
0,1405.879231,30.83582426,17.75
0,1168.794761,30.79083846,17.475
0,963.348337,30.64335408,17.2
0,767.1290519,30.39704402,16.8
0,620.2272637,30.16068579,16.4
0,564.9813381,29.71750634,16
0,505.3131503,29.32669865,15.6
0,468.752339,28.94166804,15.45
0,432.2195249,28.5560939,15.3
0,361.5560585,28.15985699,15.15
0,289.7129485,27.74579269,15
0,217.4742395,27.3128128,14.85
0,144.9523513,26.86086504,14.7
0,104.4620799,26.39790342,14.55
0,0,25.91483402,14.4
0,0,25.42466589,14.275
0,0,24.94894367,14.15
0,0,24.48953048,14.025
0,0,24.04506891,13.9
0,0,23.63133527,14.025
0,0,23.2494464,14.15
0,0,22.88938283,14.275
0,0,22.54983114,14.4
0,0,22.21377169,14.275
0,0,21.87763107,14.15
0,0,21.55021044,14.025
0,0,21.23159772,13.9
0,0,20.9282834,13.9
0,0,20.63989139,13.9
0,0,20.35981323,13.9
0,0,20.09326054,13.9
0,0,19.84064743,13.9
0,0,19.59919675,13.9
0,0,19.36668108,13.9
0,0,19.14231856,13.9
0,0,0,0
